file_name,location_id,year,mangrove_pixels,area_hectares,carbon_tons_CO2
GMW_N00E073_1996_v3.tif,N00E073,1996,112,7.0,7000.0
GMW_N00E073_2007_v3.tif,N00E073,2007,112,7.0,7000.0
GMW_N00E073_2008_v3.tif,N00E073,2008,112,7.0,7000.0
GMW_N00E073_2009_v3.tif,N00E073,2009,112,7.0,7000.0
GMW_N00E073_2010_v3.tif,N00E073,2010,112,7.0,7000.0
GMW_N00E073_2015_v3.tif,N00E073,2015,112,7.0,7000.0
GMW_N00E073_2016_v3.tif,N00E073,2016,112,7.0,7000.0
GMW_N00E073_2017_v3.tif,N00E073,2017,112,7.0,7000.0
GMW_N00E073_2018_v3.tif,N00E073,2018,112,7.0,7000.0
GMW_N00E073_2019_v3.tif,N00E073,2019,112,7.0,7000.0
GMW_N00E073_2020_v3.tif,N00E073,2020,112,7.0,7000.0
GMW_N01E072_1996_v3.tif,N01E072,1996,38,2.38,2375.0
GMW_N01E072_2007_v3.tif,N01E072,2007,38,2.38,2375.0
GMW_N01E072_2008_v3.tif,N01E072,2008,38,2.38,2375.0
GMW_N01E072_2009_v3.tif,N01E072,2009,38,2.38,2375.0
GMW_N01E072_2010_v3.tif,N01E072,2010,38,2.38,2375.0
GMW_N01E072_2015_v3.tif,N01E072,2015,38,2.38,2375.0
GMW_N01E072_2016_v3.tif,N01E072,2016,38,2.38,2375.0
GMW_N01E072_2017_v3.tif,N01E072,2017,38,2.38,2375.0
GMW_N01E072_2018_v3.tif,N01E072,2018,38,2.38,2375.0
GMW_N01E072_2019_v3.tif,N01E072,2019,38,2.38,2375.0
GMW_N01E072_2020_v3.tif,N01E072,2020,38,2.38,2375.0
GMW_N05E073_1996_v3.tif,N05E073,1996,35,2.19,2187.5
GMW_N05E073_2007_v3.tif,N05E073,2007,35,2.19,2187.5
GMW_N05E073_2008_v3.tif,N05E073,2008,35,2.19,2187.5
GMW_N05E073_2009_v3.tif,N05E073,2009,35,2.19,2187.5
GMW_N05E073_2010_v3.tif,N05E073,2010,35,2.19,2187.5
GMW_N05E073_2015_v3.tif,N05E073,2015,35,2.19,2187.5
GMW_N05E073_2016_v3.tif,N05E073,2016,35,2.19,2187.5
GMW_N05E073_2017_v3.tif,N05E073,2017,35,2.19,2187.5
GMW_N05E073_2018_v3.tif,N05E073,2018,35,2.19,2187.5
GMW_N05E073_2019_v3.tif,N05E073,2019,35,2.19,2187.5
GMW_N05E073_2020_v3.tif,N05E073,2020,35,2.19,2187.5
GMW_N06E073_1996_v3.tif,N06E073,1996,470,29.38,29375.0
GMW_N06E073_2007_v3.tif,N06E073,2007,470,29.38,29375.0
GMW_N06E073_2008_v3.tif,N06E073,2008,470,29.38,29375.0
GMW_N06E073_2009_v3.tif,N06E073,2009,470,29.38,29375.0
GMW_N06E073_2010_v3.tif,N06E073,2010,470,29.38,29375.0
GMW_N06E073_2015_v3.tif,N06E073,2015,470,29.38,29375.0
GMW_N06E073_2016_v3.tif,N06E073,2016,470,29.38,29375.0
GMW_N06E073_2017_v3.tif,N06E073,2017,470,29.38,29375.0
GMW_N06E073_2018_v3.tif,N06E073,2018,470,29.38,29375.0
GMW_N06E073_2019_v3.tif,N06E073,2019,470,29.38,29375.0
GMW_N06E073_2020_v3.tif,N06E073,2020,470,29.38,29375.0
GMW_N06E080_1996_v3.tif,N06E080,1996,86,5.38,5375.0
GMW_N06E080_2007_v3.tif,N06E080,2007,86,5.38,5375.0
GMW_N06E080_2008_v3.tif,N06E080,2008,86,5.38,5375.0
GMW_N06E080_2009_v3.tif,N06E080,2009,86,5.38,5375.0
GMW_N06E080_2010_v3.tif,N06E080,2010,86,5.38,5375.0
GMW_N06E080_2015_v3.tif,N06E080,2015,86,5.38,5375.0
GMW_N06E080_2016_v3.tif,N06E080,2016,86,5.38,5375.0
GMW_N06E080_2017_v3.tif,N06E080,2017,86,5.38,5375.0
GMW_N06E080_2018_v3.tif,N06E080,2018,86,5.38,5375.0
GMW_N06E080_2019_v3.tif,N06E080,2019,86,5.38,5375.0
GMW_N06E080_2020_v3.tif,N06E080,2020,86,5.38,5375.0
GMW_N07E072_1996_v3.tif,N07E072,1996,15,0.94,937.5
GMW_N07E072_2007_v3.tif,N07E072,2007,15,0.94,937.5
GMW_N07E072_2008_v3.tif,N07E072,2008,15,0.94,937.5
GMW_N07E072_2009_v3.tif,N07E072,2009,15,0.94,937.5
GMW_N07E072_2010_v3.tif,N07E072,2010,15,0.94,937.5
GMW_N07E072_2015_v3.tif,N07E072,2015,15,0.94,937.5
GMW_N07E072_2016_v3.tif,N07E072,2016,15,0.94,937.5
GMW_N07E072_2017_v3.tif,N07E072,2017,15,0.94,937.5
GMW_N07E072_2018_v3.tif,N07E072,2018,15,0.94,937.5
GMW_N07E072_2019_v3.tif,N07E072,2019,15,0.94,937.5
GMW_N07E072_2020_v3.tif,N07E072,2020,15,0.94,937.5
GMW_N07E073_1996_v3.tif,N07E073,1996,930,58.12,58125.0
GMW_N07E073_2007_v3.tif,N07E073,2007,930,58.12,58125.0
GMW_N07E073_2008_v3.tif,N07E073,2008,930,58.12,58125.0
GMW_N07E073_2009_v3.tif,N07E073,2009,930,58.12,58125.0
GMW_N07E073_2010_v3.tif,N07E073,2010,930,58.12,58125.0
GMW_N07E073_2015_v3.tif,N07E073,2015,930,58.12,58125.0
GMW_N07E073_2016_v3.tif,N07E073,2016,930,58.12,58125.0
GMW_N07E073_2017_v3.tif,N07E073,2017,930,58.12,58125.0
GMW_N07E073_2018_v3.tif,N07E073,2018,930,58.12,58125.0
GMW_N07E073_2019_v3.tif,N07E073,2019,930,58.12,58125.0
GMW_N07E073_2020_v3.tif,N07E073,2020,930,58.12,58125.0
GMW_N07E080_1996_v3.tif,N07E080,1996,17904,1119.0,1119000.0
GMW_N07E080_2007_v3.tif,N07E080,2007,17749,1109.31,1109312.5
GMW_N07E080_2008_v3.tif,N07E080,2008,17685,1105.31,1105312.5
GMW_N07E080_2009_v3.tif,N07E080,2009,17565,1097.81,1097812.5
GMW_N07E080_2010_v3.tif,N07E080,2010,17580,1098.75,1098750.0
GMW_N07E080_2015_v3.tif,N07E080,2015,17536,1096.0,1096000.0
GMW_N07E080_2016_v3.tif,N07E080,2016,17512,1094.5,1094500.0
GMW_N07E080_2017_v3.tif,N07E080,2017,17487,1092.94,1092937.5
GMW_N07E080_2018_v3.tif,N07E080,2018,17398,1087.38,1087375.0
GMW_N07E080_2019_v3.tif,N07E080,2019,17024,1064.0,1064000.0
GMW_N07E080_2020_v3.tif,N07E080,2020,16887,1055.44,1055437.5
GMW_N07E081_1996_v3.tif,N07E081,1996,3410,213.12,213125.0
GMW_N07E081_2007_v3.tif,N07E081,2007,3172,198.25,198250.0
GMW_N07E081_2008_v3.tif,N07E081,2008,2964,185.25,185250.0
GMW_N07E081_2009_v3.tif,N07E081,2009,2982,186.38,186375.0
GMW_N07E081_2010_v3.tif,N07E081,2010,2713,169.56,169562.5
GMW_N07E081_2015_v3.tif,N07E081,2015,3494,218.38,218375.0
GMW_N07E081_2016_v3.tif,N07E081,2016,3612,225.75,225750.0
GMW_N07E081_2017_v3.tif,N07E081,2017,3476,217.25,217250.0
GMW_N07E081_2018_v3.tif,N07E081,2018,3416,213.5,213500.0
GMW_N07E081_2019_v3.tif,N07E081,2019,2896,181.0,181000.0
GMW_N07E081_2020_v3.tif,N07E081,2020,2656,166.0,166000.0
GMW_N07E093_1996_v3.tif,N07E093,1996,1089,68.06,68062.5
GMW_N07E093_2007_v3.tif,N07E093,2007,1158,72.38,72375.0
GMW_N07E093_2008_v3.tif,N07E093,2008,1092,68.25,68250.0
GMW_N07E093_2009_v3.tif,N07E093,2009,952,59.5,59500.0
GMW_N07E093_2010_v3.tif,N07E093,2010,929,58.06,58062.5
GMW_N07E093_2015_v3.tif,N07E093,2015,936,58.5,58500.0
GMW_N07E093_2016_v3.tif,N07E093,2016,970,60.62,60625.0
GMW_N07E093_2017_v3.tif,N07E093,2017,1008,63.0,63000.0
GMW_N07E093_2018_v3.tif,N07E093,2018,1096,68.5,68500.0
GMW_N07E093_2019_v3.tif,N07E093,2019,1134,70.88,70875.0
GMW_N07E093_2020_v3.tif,N07E093,2020,1117,69.81,69812.5
GMW_N08E072_1996_v3.tif,N08E072,1996,10,0.62,625.0
GMW_N08E072_2007_v3.tif,N08E072,2007,10,0.62,625.0
GMW_N08E072_2008_v3.tif,N08E072,2008,10,0.62,625.0
GMW_N08E072_2009_v3.tif,N08E072,2009,10,0.62,625.0
GMW_N08E072_2010_v3.tif,N08E072,2010,10,0.62,625.0
GMW_N08E072_2015_v3.tif,N08E072,2015,10,0.62,625.0
GMW_N08E072_2016_v3.tif,N08E072,2016,10,0.62,625.0
GMW_N08E072_2017_v3.tif,N08E072,2017,10,0.62,625.0
GMW_N08E072_2018_v3.tif,N08E072,2018,10,0.62,625.0
GMW_N08E072_2019_v3.tif,N08E072,2019,10,0.62,625.0
GMW_N08E072_2020_v3.tif,N08E072,2020,10,0.62,625.0
GMW_N08E079_1996_v3.tif,N08E079,1996,17348,1084.25,1084250.0
GMW_N08E079_2007_v3.tif,N08E079,2007,18344,1146.5,1146500.0
GMW_N08E079_2008_v3.tif,N08E079,2008,18833,1177.06,1177062.5
GMW_N08E079_2009_v3.tif,N08E079,2009,18653,1165.81,1165812.5
GMW_N08E079_2010_v3.tif,N08E079,2010,18654,1165.88,1165875.0
GMW_N08E079_2015_v3.tif,N08E079,2015,18136,1133.5,1133500.0
GMW_N08E079_2016_v3.tif,N08E079,2016,17591,1099.44,1099437.5
GMW_N08E079_2017_v3.tif,N08E079,2017,17322,1082.62,1082625.0
GMW_N08E079_2018_v3.tif,N08E079,2018,17236,1077.25,1077250.0
GMW_N08E079_2019_v3.tif,N08E079,2019,17165,1072.81,1072812.5
GMW_N08E079_2020_v3.tif,N08E079,2020,17485,1092.81,1092812.5
GMW_N08E081_1996_v3.tif,N08E081,1996,96122,6007.62,6007625.0
GMW_N08E081_2007_v3.tif,N08E081,2007,79680,4980.0,4980000.0
GMW_N08E081_2008_v3.tif,N08E081,2008,65890,4118.12,4118125.0
GMW_N08E081_2009_v3.tif,N08E081,2009,57589,3599.31,3599312.5
GMW_N08E081_2010_v3.tif,N08E081,2010,55148,3446.75,3446750.0
GMW_N08E081_2015_v3.tif,N08E081,2015,56371,3523.19,3523187.5
GMW_N08E081_2016_v3.tif,N08E081,2016,67504,4219.0,4219000.0
GMW_N08E081_2017_v3.tif,N08E081,2017,70979,4436.19,4436187.5
GMW_N08E081_2018_v3.tif,N08E081,2018,68780,4298.75,4298750.0
GMW_N08E081_2019_v3.tif,N08E081,2019,52133,3258.31,3258312.5
GMW_N08E081_2020_v3.tif,N08E081,2020,44625,2789.06,2789062.5
GMW_N08E093_1996_v3.tif,N08E093,1996,2129,133.06,133062.5
GMW_N08E093_2007_v3.tif,N08E093,2007,2224,139.0,139000.0
GMW_N08E093_2008_v3.tif,N08E093,2008,2179,136.19,136187.5
GMW_N08E093_2009_v3.tif,N08E093,2009,1891,118.19,118187.5
GMW_N08E093_2010_v3.tif,N08E093,2010,1784,111.5,111500.0
GMW_N08E093_2015_v3.tif,N08E093,2015,1731,108.19,108187.5
GMW_N08E093_2016_v3.tif,N08E093,2016,1692,105.75,105750.0
GMW_N08E093_2017_v3.tif,N08E093,2017,1768,110.5,110500.0
GMW_N08E093_2018_v3.tif,N08E093,2018,2338,146.12,146125.0
GMW_N08E093_2019_v3.tif,N08E093,2019,2448,153.0,153000.0
GMW_N08E093_2020_v3.tif,N08E093,2020,2222,138.88,138875.0
GMW_N09E076_1996_v3.tif,N09E076,1996,380,23.75,23750.0
GMW_N09E076_2007_v3.tif,N09E076,2007,380,23.75,23750.0
GMW_N09E076_2008_v3.tif,N09E076,2008,380,23.75,23750.0
GMW_N09E076_2009_v3.tif,N09E076,2009,380,23.75,23750.0
GMW_N09E076_2010_v3.tif,N09E076,2010,380,23.75,23750.0
GMW_N09E076_2015_v3.tif,N09E076,2015,380,23.75,23750.0
GMW_N09E076_2016_v3.tif,N09E076,2016,380,23.75,23750.0
GMW_N09E076_2017_v3.tif,N09E076,2017,380,23.75,23750.0
GMW_N09E076_2018_v3.tif,N09E076,2018,380,23.75,23750.0
GMW_N09E076_2019_v3.tif,N09E076,2019,380,23.75,23750.0
GMW_N09E076_2020_v3.tif,N09E076,2020,380,23.75,23750.0
GMW_N09E077_1996_v3.tif,N09E077,1996,456,28.5,28500.0
GMW_N09E077_2007_v3.tif,N09E077,2007,456,28.5,28500.0
GMW_N09E077_2008_v3.tif,N09E077,2008,456,28.5,28500.0
GMW_N09E077_2009_v3.tif,N09E077,2009,456,28.5,28500.0
GMW_N09E077_2010_v3.tif,N09E077,2010,456,28.5,28500.0
GMW_N09E077_2015_v3.tif,N09E077,2015,456,28.5,28500.0
GMW_N09E077_2016_v3.tif,N09E077,2016,456,28.5,28500.0
GMW_N09E077_2017_v3.tif,N09E077,2017,456,28.5,28500.0
GMW_N09E077_2018_v3.tif,N09E077,2018,456,28.5,28500.0
GMW_N09E077_2019_v3.tif,N09E077,2019,456,28.5,28500.0
GMW_N09E077_2020_v3.tif,N09E077,2020,456,28.5,28500.0
GMW_N09E078_1996_v3.tif,N09E078,1996,6309,394.31,394312.5
GMW_N09E078_2007_v3.tif,N09E078,2007,5030,314.38,314375.0
GMW_N09E078_2008_v3.tif,N09E078,2008,4606,287.88,287875.0
GMW_N09E078_2009_v3.tif,N09E078,2009,4505,281.56,281562.5
GMW_N09E078_2010_v3.tif,N09E078,2010,4391,274.44,274437.5
GMW_N09E078_2015_v3.tif,N09E078,2015,4332,270.75,270750.0
GMW_N09E078_2016_v3.tif,N09E078,2016,4352,272.0,272000.0
GMW_N09E078_2017_v3.tif,N09E078,2017,4368,273.0,273000.0
GMW_N09E078_2018_v3.tif,N09E078,2018,4249,265.56,265562.5
GMW_N09E078_2019_v3.tif,N09E078,2019,4196,262.25,262250.0
GMW_N09E078_2020_v3.tif,N09E078,2020,4332,270.75,270750.0
GMW_N09E079_1996_v3.tif,N09E079,1996,47184,2949.0,2949000.0
GMW_N09E079_2007_v3.tif,N09E079,2007,49882,3117.62,3117625.0
GMW_N09E079_2008_v3.tif,N09E079,2008,49737,3108.56,3108562.5
GMW_N09E079_2009_v3.tif,N09E079,2009,46055,2878.44,2878437.5
GMW_N09E079_2010_v3.tif,N09E079,2010,45474,2842.12,2842125.0
GMW_N09E079_2015_v3.tif,N09E079,2015,46406,2900.38,2900375.0
GMW_N09E079_2016_v3.tif,N09E079,2016,46826,2926.62,2926625.0
GMW_N09E079_2017_v3.tif,N09E079,2017,47029,2939.31,2939312.5
GMW_N09E079_2018_v3.tif,N09E079,2018,46967,2935.44,2935437.5
GMW_N09E079_2019_v3.tif,N09E079,2019,48899,3056.19,3056187.5
GMW_N09E079_2020_v3.tif,N09E079,2020,49647,3102.94,3102937.5
GMW_N09E080_1996_v3.tif,N09E080,1996,6071,379.44,379437.5
GMW_N09E080_2007_v3.tif,N09E080,2007,5747,359.19,359187.5
GMW_N09E080_2008_v3.tif,N09E080,2008,5095,318.44,318437.5
GMW_N09E080_2009_v3.tif,N09E080,2009,4868,304.25,304250.0
GMW_N09E080_2010_v3.tif,N09E080,2010,4868,304.25,304250.0
GMW_N09E080_2015_v3.tif,N09E080,2015,5150,321.88,321875.0
GMW_N09E080_2016_v3.tif,N09E080,2016,5261,328.81,328812.5
GMW_N09E080_2017_v3.tif,N09E080,2017,5312,332.0,332000.0
GMW_N09E080_2018_v3.tif,N09E080,2018,5364,335.25,335250.0
GMW_N09E080_2019_v3.tif,N09E080,2019,5448,340.5,340500.0
GMW_N09E080_2020_v3.tif,N09E080,2020,5565,347.81,347812.5
GMW_N09E081_1996_v3.tif,N09E081,1996,58879,3679.94,3679937.5
GMW_N09E081_2007_v3.tif,N09E081,2007,52743,3296.44,3296437.5
GMW_N09E081_2008_v3.tif,N09E081,2008,48625,3039.06,3039062.5
GMW_N09E081_2009_v3.tif,N09E081,2009,46593,2912.06,2912062.5
GMW_N09E081_2010_v3.tif,N09E081,2010,44724,2795.25,2795250.0
GMW_N09E081_2015_v3.tif,N09E081,2015,46478,2904.88,2904875.0
GMW_N09E081_2016_v3.tif,N09E081,2016,44848,2803.0,2803000.0
GMW_N09E081_2017_v3.tif,N09E081,2017,44454,2778.38,2778375.0
GMW_N09E081_2018_v3.tif,N09E081,2018,44092,2755.75,2755750.0
GMW_N09E081_2019_v3.tif,N09E081,2019,45819,2863.69,2863687.5
GMW_N09E081_2020_v3.tif,N09E081,2020,46250,2890.62,2890625.0
GMW_N09E093_1996_v3.tif,N09E093,1996,1711,106.94,106937.5
GMW_N09E093_2007_v3.tif,N09E093,2007,2181,136.31,136312.5
GMW_N09E093_2008_v3.tif,N09E093,2008,2188,136.75,136750.0
GMW_N09E093_2009_v3.tif,N09E093,2009,1776,111.0,111000.0
GMW_N09E093_2010_v3.tif,N09E093,2010,1584,99.0,99000.0
GMW_N09E093_2015_v3.tif,N09E093,2015,1496,93.5,93500.0
GMW_N09E093_2016_v3.tif,N09E093,2016,1436,89.75,89750.0
GMW_N09E093_2017_v3.tif,N09E093,2017,1417,88.56,88562.5
GMW_N09E093_2018_v3.tif,N09E093,2018,1558,97.38,97375.0
GMW_N09E093_2019_v3.tif,N09E093,2019,1726,107.88,107875.0
GMW_N09E093_2020_v3.tif,N09E093,2020,1665,104.06,104062.5
GMW_N10E076_1996_v3.tif,N10E076,1996,3887,242.94,242937.5
GMW_N10E076_2007_v3.tif,N10E076,2007,3887,242.94,242937.5
GMW_N10E076_2008_v3.tif,N10E076,2008,3887,242.94,242937.5
GMW_N10E076_2009_v3.tif,N10E076,2009,3887,242.94,242937.5
GMW_N10E076_2010_v3.tif,N10E076,2010,3887,242.94,242937.5
GMW_N10E076_2015_v3.tif,N10E076,2015,3887,242.94,242937.5
GMW_N10E076_2016_v3.tif,N10E076,2016,3887,242.94,242937.5
GMW_N10E076_2017_v3.tif,N10E076,2017,3887,242.94,242937.5
GMW_N10E076_2018_v3.tif,N10E076,2018,3887,242.94,242937.5
GMW_N10E076_2019_v3.tif,N10E076,2019,3887,242.94,242937.5
GMW_N10E076_2020_v3.tif,N10E076,2020,3887,242.94,242937.5
GMW_N10E078_1996_v3.tif,N10E078,1996,6860,428.75,428750.0
GMW_N10E078_2007_v3.tif,N10E078,2007,5667,354.19,354187.5
GMW_N10E078_2008_v3.tif,N10E078,2008,4242,265.12,265125.0
GMW_N10E078_2009_v3.tif,N10E078,2009,3799,237.44,237437.5
GMW_N10E078_2010_v3.tif,N10E078,2010,4015,250.94,250937.5
GMW_N10E078_2015_v3.tif,N10E078,2015,4742,296.38,296375.0
GMW_N10E078_2016_v3.tif,N10E078,2016,4929,308.06,308062.5
GMW_N10E078_2017_v3.tif,N10E078,2017,4892,305.75,305750.0
GMW_N10E078_2018_v3.tif,N10E078,2018,4563,285.19,285187.5
GMW_N10E078_2019_v3.tif,N10E078,2019,4717,294.81,294812.5
GMW_N10E078_2020_v3.tif,N10E078,2020,4979,311.19,311187.5
GMW_N10E079_1996_v3.tif,N10E079,1996,56260,3516.25,3516250.0
GMW_N10E079_2007_v3.tif,N10E079,2007,35933,2245.81,2245812.5
GMW_N10E079_2008_v3.tif,N10E079,2008,21237,1327.31,1327312.5
GMW_N10E079_2009_v3.tif,N10E079,2009,17239,1077.44,1077437.5
GMW_N10E079_2010_v3.tif,N10E079,2010,16840,1052.5,1052500.0
GMW_N10E079_2015_v3.tif,N10E079,2015,20848,1303.0,1303000.0
GMW_N10E079_2016_v3.tif,N10E079,2016,25687,1605.44,1605437.5
GMW_N10E079_2017_v3.tif,N10E079,2017,29030,1814.38,1814375.0
GMW_N10E079_2018_v3.tif,N10E079,2018,28558,1784.88,1784875.0
GMW_N10E079_2019_v3.tif,N10E079,2019,26162,1635.12,1635125.0
GMW_N10E079_2020_v3.tif,N10E079,2020,22945,1434.06,1434062.5
GMW_N10E080_1996_v3.tif,N10E080,1996,129008,8063.0,8063000.0
GMW_N10E080_2007_v3.tif,N10E080,2007,118753,7422.06,7422062.5
GMW_N10E080_2008_v3.tif,N10E080,2008,102509,6406.81,6406812.5
GMW_N10E080_2009_v3.tif,N10E080,2009,95398,5962.38,5962375.0
GMW_N10E080_2010_v3.tif,N10E080,2010,93855,5865.94,5865937.5
GMW_N10E080_2015_v3.tif,N10E080,2015,98891,6180.69,6180687.5
GMW_N10E080_2016_v3.tif,N10E080,2016,100520,6282.5,6282500.0
GMW_N10E080_2017_v3.tif,N10E080,2017,99565,6222.81,6222812.5
GMW_N10E080_2018_v3.tif,N10E080,2018,99009,6188.06,6188062.5
GMW_N10E080_2019_v3.tif,N10E080,2019,97779,6111.19,6111187.5
GMW_N10E080_2020_v3.tif,N10E080,2020,96888,6055.5,6055500.0
GMW_N10E092_1996_v3.tif,N10E092,1996,2850,178.12,178125.0
GMW_N10E092_2007_v3.tif,N10E092,2007,2989,186.81,186812.5
GMW_N10E092_2008_v3.tif,N10E092,2008,3004,187.75,187750.0
GMW_N10E092_2009_v3.tif,N10E092,2009,2873,179.56,179562.5
GMW_N10E092_2010_v3.tif,N10E092,2010,2799,174.94,174937.5
GMW_N10E092_2015_v3.tif,N10E092,2015,2777,173.56,173562.5
GMW_N10E092_2016_v3.tif,N10E092,2016,2743,171.44,171437.5
GMW_N10E092_2017_v3.tif,N10E092,2017,2786,174.12,174125.0
GMW_N10E092_2018_v3.tif,N10E092,2018,2801,175.06,175062.5
GMW_N10E092_2019_v3.tif,N10E092,2019,2813,175.81,175812.5
GMW_N10E092_2020_v3.tif,N10E092,2020,2812,175.75,175750.0
GMW_N11E075_1996_v3.tif,N11E075,1996,9,0.56,562.5
GMW_N11E075_2007_v3.tif,N11E075,2007,9,0.56,562.5
GMW_N11E075_2008_v3.tif,N11E075,2008,9,0.56,562.5
GMW_N11E075_2009_v3.tif,N11E075,2009,9,0.56,562.5
GMW_N11E075_2010_v3.tif,N11E075,2010,9,0.56,562.5
GMW_N11E075_2015_v3.tif,N11E075,2015,9,0.56,562.5
GMW_N11E075_2016_v3.tif,N11E075,2016,9,0.56,562.5
GMW_N11E075_2017_v3.tif,N11E075,2017,9,0.56,562.5
GMW_N11E075_2018_v3.tif,N11E075,2018,9,0.56,562.5
GMW_N11E075_2019_v3.tif,N11E075,2019,9,0.56,562.5
GMW_N11E075_2020_v3.tif,N11E075,2020,9,0.56,562.5
GMW_N11E076_1996_v3.tif,N11E076,1996,12860,803.75,803750.0
GMW_N11E076_2007_v3.tif,N11E076,2007,5717,357.31,357312.5
GMW_N11E076_2008_v3.tif,N11E076,2008,4609,288.06,288062.5
GMW_N11E076_2009_v3.tif,N11E076,2009,4424,276.5,276500.0
GMW_N11E076_2010_v3.tif,N11E076,2010,4456,278.5,278500.0
GMW_N11E076_2015_v3.tif,N11E076,2015,5684,355.25,355250.0
GMW_N11E076_2016_v3.tif,N11E076,2016,5005,312.81,312812.5
GMW_N11E076_2017_v3.tif,N11E076,2017,5885,367.81,367812.5
GMW_N11E076_2018_v3.tif,N11E076,2018,5158,322.38,322375.0
GMW_N11E076_2019_v3.tif,N11E076,2019,4811,300.69,300687.5
GMW_N11E076_2020_v3.tif,N11E076,2020,4798,299.88,299875.0
GMW_N11E079_1996_v3.tif,N11E079,1996,118396,7399.75,7399750.0
GMW_N11E079_2007_v3.tif,N11E079,2007,80155,5009.69,5009687.5
GMW_N11E079_2008_v3.tif,N11E079,2008,63174,3948.38,3948375.0
GMW_N11E079_2009_v3.tif,N11E079,2009,57018,3563.62,3563625.0
GMW_N11E079_2010_v3.tif,N11E079,2010,56467,3529.19,3529187.5
GMW_N11E079_2015_v3.tif,N11E079,2015,65295,4080.94,4080937.5
GMW_N11E079_2016_v3.tif,N11E079,2016,67292,4205.75,4205750.0
GMW_N11E079_2017_v3.tif,N11E079,2017,68266,4266.62,4266625.0
GMW_N11E079_2018_v3.tif,N11E079,2018,68084,4255.25,4255250.0
GMW_N11E079_2019_v3.tif,N11E079,2019,65120,4070.0,4070000.0
GMW_N11E079_2020_v3.tif,N11E079,2020,55741,3483.81,3483812.5
GMW_N11E092_1996_v3.tif,N11E092,1996,31365,1960.31,1960312.5
GMW_N11E092_2007_v3.tif,N11E092,2007,32047,2002.94,2002937.5
GMW_N11E092_2008_v3.tif,N11E092,2008,32079,2004.94,2004937.5
GMW_N11E092_2009_v3.tif,N11E092,2009,31901,1993.81,1993812.5
GMW_N11E092_2010_v3.tif,N11E092,2010,32015,2000.94,2000937.5
GMW_N11E092_2015_v3.tif,N11E092,2015,31825,1989.06,1989062.5
GMW_N11E092_2016_v3.tif,N11E092,2016,31209,1950.56,1950562.5
GMW_N11E092_2017_v3.tif,N11E092,2017,31112,1944.5,1944500.0
GMW_N11E092_2018_v3.tif,N11E092,2018,31465,1966.56,1966562.5
GMW_N11E092_2019_v3.tif,N11E092,2019,31825,1989.06,1989062.5
GMW_N11E092_2020_v3.tif,N11E092,2020,31702,1981.38,1981375.0
GMW_N12E075_1996_v3.tif,N12E075,1996,5777,361.06,361062.5
GMW_N12E075_2007_v3.tif,N12E075,2007,5777,361.06,361062.5
GMW_N12E075_2008_v3.tif,N12E075,2008,5777,361.06,361062.5
GMW_N12E075_2009_v3.tif,N12E075,2009,5777,361.06,361062.5
GMW_N12E075_2010_v3.tif,N12E075,2010,5777,361.06,361062.5
GMW_N12E075_2015_v3.tif,N12E075,2015,5777,361.06,361062.5
GMW_N12E075_2016_v3.tif,N12E075,2016,5777,361.06,361062.5
GMW_N12E075_2017_v3.tif,N12E075,2017,5777,361.06,361062.5
GMW_N12E075_2018_v3.tif,N12E075,2018,5777,361.06,361062.5
GMW_N12E075_2019_v3.tif,N12E075,2019,5777,361.06,361062.5
GMW_N12E075_2020_v3.tif,N12E075,2020,5777,361.06,361062.5
GMW_N12E079_1996_v3.tif,N12E079,1996,31609,1975.56,1975562.5
GMW_N12E079_2007_v3.tif,N12E079,2007,26639,1664.94,1664937.5
GMW_N12E079_2008_v3.tif,N12E079,2008,21092,1318.25,1318250.0
GMW_N12E079_2009_v3.tif,N12E079,2009,20868,1304.25,1304250.0
GMW_N12E079_2010_v3.tif,N12E079,2010,22201,1387.56,1387562.5
GMW_N12E079_2015_v3.tif,N12E079,2015,24317,1519.81,1519812.5
GMW_N12E079_2016_v3.tif,N12E079,2016,24739,1546.19,1546187.5
GMW_N12E079_2017_v3.tif,N12E079,2017,24980,1561.25,1561250.0
GMW_N12E079_2018_v3.tif,N12E079,2018,24861,1553.81,1553812.5
GMW_N12E079_2019_v3.tif,N12E079,2019,24790,1549.38,1549375.0
GMW_N12E079_2020_v3.tif,N12E079,2020,24779,1548.69,1548687.5
GMW_N12E092_1996_v3.tif,N12E092,1996,163945,10246.56,10246562.5
GMW_N12E092_2007_v3.tif,N12E092,2007,158826,9926.62,9926625.0
GMW_N12E092_2008_v3.tif,N12E092,2008,156057,9753.56,9753562.5
GMW_N12E092_2009_v3.tif,N12E092,2009,152181,9511.31,9511312.5
GMW_N12E092_2010_v3.tif,N12E092,2010,150378,9398.62,9398625.0
GMW_N12E092_2015_v3.tif,N12E092,2015,149273,9329.56,9329562.5
GMW_N12E092_2016_v3.tif,N12E092,2016,148548,9284.25,9284250.0
GMW_N12E092_2017_v3.tif,N12E092,2017,148752,9297.0,9297000.0
GMW_N12E092_2018_v3.tif,N12E092,2018,150640,9415.0,9415000.0
GMW_N12E092_2019_v3.tif,N12E092,2019,151855,9490.94,9490937.5
GMW_N12E092_2020_v3.tif,N12E092,2020,151326,9457.88,9457875.0
GMW_N12E093_1996_v3.tif,N12E093,1996,10515,657.19,657187.5
GMW_N12E093_2007_v3.tif,N12E093,2007,10170,635.62,635625.0
GMW_N12E093_2008_v3.tif,N12E093,2008,10074,629.62,629625.0
GMW_N12E093_2009_v3.tif,N12E093,2009,10050,628.12,628125.0
GMW_N12E093_2010_v3.tif,N12E093,2010,10077,629.81,629812.5
GMW_N12E093_2015_v3.tif,N12E093,2015,10031,626.94,626937.5
GMW_N12E093_2016_v3.tif,N12E093,2016,10512,657.0,657000.0
GMW_N12E093_2017_v3.tif,N12E093,2017,10242,640.12,640125.0
GMW_N12E093_2018_v3.tif,N12E093,2018,10288,643.0,643000.0
GMW_N12E093_2019_v3.tif,N12E093,2019,10007,625.44,625437.5
GMW_N12E093_2020_v3.tif,N12E093,2020,9956,622.25,622250.0
GMW_N13E053_1996_v3.tif,N13E053,1996,0,0.0,0.0
GMW_N13E053_2007_v3.tif,N13E053,2007,230,14.38,14375.0
GMW_N13E053_2008_v3.tif,N13E053,2008,238,14.88,14875.0
GMW_N13E053_2009_v3.tif,N13E053,2009,250,15.62,15625.0
GMW_N13E053_2010_v3.tif,N13E053,2010,241,15.06,15062.5
GMW_N13E053_2015_v3.tif,N13E053,2015,0,0.0,0.0
GMW_N13E053_2016_v3.tif,N13E053,2016,0,0.0,0.0
GMW_N13E053_2017_v3.tif,N13E053,2017,0,0.0,0.0
GMW_N13E053_2018_v3.tif,N13E053,2018,0,0.0,0.0
GMW_N13E053_2019_v3.tif,N13E053,2019,205,12.81,12812.5
GMW_N13E053_2020_v3.tif,N13E053,2020,209,13.06,13062.5
GMW_N13E054_1996_v3.tif,N13E054,1996,20,1.25,1250.0
GMW_N13E054_2007_v3.tif,N13E054,2007,21,1.31,1312.5
GMW_N13E054_2008_v3.tif,N13E054,2008,21,1.31,1312.5
GMW_N13E054_2009_v3.tif,N13E054,2009,21,1.31,1312.5
GMW_N13E054_2010_v3.tif,N13E054,2010,20,1.25,1250.0
GMW_N13E054_2015_v3.tif,N13E054,2015,20,1.25,1250.0
GMW_N13E054_2016_v3.tif,N13E054,2016,20,1.25,1250.0
GMW_N13E054_2017_v3.tif,N13E054,2017,20,1.25,1250.0
GMW_N13E054_2018_v3.tif,N13E054,2018,20,1.25,1250.0
GMW_N13E054_2019_v3.tif,N13E054,2019,21,1.31,1312.5
GMW_N13E054_2020_v3.tif,N13E054,2020,21,1.31,1312.5
GMW_N13E074_1996_v3.tif,N13E074,1996,2894,180.88,180875.0
GMW_N13E074_2007_v3.tif,N13E074,2007,2894,180.88,180875.0
GMW_N13E074_2008_v3.tif,N13E074,2008,2894,180.88,180875.0
GMW_N13E074_2009_v3.tif,N13E074,2009,2894,180.88,180875.0
GMW_N13E074_2010_v3.tif,N13E074,2010,2894,180.88,180875.0
GMW_N13E074_2015_v3.tif,N13E074,2015,2894,180.88,180875.0
GMW_N13E074_2016_v3.tif,N13E074,2016,2894,180.88,180875.0
GMW_N13E074_2017_v3.tif,N13E074,2017,2894,180.88,180875.0
GMW_N13E074_2018_v3.tif,N13E074,2018,2894,180.88,180875.0
GMW_N13E074_2019_v3.tif,N13E074,2019,2894,180.88,180875.0
GMW_N13E074_2020_v3.tif,N13E074,2020,2894,180.88,180875.0
GMW_N13E075_1996_v3.tif,N13E075,1996,8584,536.5,536500.0
GMW_N13E075_2007_v3.tif,N13E075,2007,8584,536.5,536500.0
GMW_N13E075_2008_v3.tif,N13E075,2008,8584,536.5,536500.0
GMW_N13E075_2009_v3.tif,N13E075,2009,8584,536.5,536500.0
GMW_N13E075_2010_v3.tif,N13E075,2010,8584,536.5,536500.0
GMW_N13E075_2015_v3.tif,N13E075,2015,8584,536.5,536500.0
GMW_N13E075_2016_v3.tif,N13E075,2016,8584,536.5,536500.0
GMW_N13E075_2017_v3.tif,N13E075,2017,8584,536.5,536500.0
GMW_N13E075_2018_v3.tif,N13E075,2018,8584,536.5,536500.0
GMW_N13E075_2019_v3.tif,N13E075,2019,8584,536.5,536500.0
GMW_N13E075_2020_v3.tif,N13E075,2020,8584,536.5,536500.0
GMW_N13E092_1996_v3.tif,N13E092,1996,536865,33554.06,33554062.5
GMW_N13E092_2007_v3.tif,N13E092,2007,533817,33363.56,33363562.5
GMW_N13E092_2008_v3.tif,N13E092,2008,530913,33182.06,33182062.5
GMW_N13E092_2009_v3.tif,N13E092,2009,528414,33025.88,33025875.0
GMW_N13E092_2010_v3.tif,N13E092,2010,529658,33103.62,33103625.0
GMW_N13E092_2015_v3.tif,N13E092,2015,524498,32781.12,32781125.0
GMW_N13E092_2016_v3.tif,N13E092,2016,526157,32884.81,32884812.5
GMW_N13E092_2017_v3.tif,N13E092,2017,525343,32833.94,32833937.5
GMW_N13E092_2018_v3.tif,N13E092,2018,540658,33791.12,33791125.0
GMW_N13E092_2019_v3.tif,N13E092,2019,541978,33873.62,33873625.0
GMW_N13E092_2020_v3.tif,N13E092,2020,532524,33282.75,33282750.0
GMW_N13E093_1996_v3.tif,N13E093,1996,29549,1846.81,1846812.5
GMW_N13E093_2007_v3.tif,N13E093,2007,29040,1815.0,1815000.0
GMW_N13E093_2008_v3.tif,N13E093,2008,28907,1806.69,1806687.5
GMW_N13E093_2009_v3.tif,N13E093,2009,28788,1799.25,1799250.0
GMW_N13E093_2010_v3.tif,N13E093,2010,28512,1782.0,1782000.0
GMW_N13E093_2015_v3.tif,N13E093,2015,28087,1755.44,1755437.5
GMW_N13E093_2016_v3.tif,N13E093,2016,28005,1750.31,1750312.5
GMW_N13E093_2017_v3.tif,N13E093,2017,28206,1762.88,1762875.0
GMW_N13E093_2018_v3.tif,N13E093,2018,28225,1764.06,1764062.5
GMW_N13E093_2019_v3.tif,N13E093,2019,27911,1744.44,1744437.5
GMW_N13E093_2020_v3.tif,N13E093,2020,27663,1728.94,1728937.5
GMW_N14E043_1996_v3.tif,N14E043,1996,1210,75.62,75625.0
GMW_N14E043_2007_v3.tif,N14E043,2007,911,56.94,56937.5
GMW_N14E043_2008_v3.tif,N14E043,2008,828,51.75,51750.0
GMW_N14E043_2009_v3.tif,N14E043,2009,835,52.19,52187.5
GMW_N14E043_2010_v3.tif,N14E043,2010,870,54.38,54375.0
GMW_N14E043_2015_v3.tif,N14E043,2015,915,57.19,57187.5
GMW_N14E043_2016_v3.tif,N14E043,2016,909,56.81,56812.5
GMW_N14E043_2017_v3.tif,N14E043,2017,904,56.5,56500.0
GMW_N14E043_2018_v3.tif,N14E043,2018,961,60.06,60062.5
GMW_N14E043_2019_v3.tif,N14E043,2019,967,60.44,60437.5
GMW_N14E043_2020_v3.tif,N14E043,2020,951,59.44,59437.5
GMW_N14E074_1996_v3.tif,N14E074,1996,11400,712.5,712500.0
GMW_N14E074_2007_v3.tif,N14E074,2007,11333,708.31,708312.5
GMW_N14E074_2008_v3.tif,N14E074,2008,11326,707.88,707875.0
GMW_N14E074_2009_v3.tif,N14E074,2009,11370,710.62,710625.0
GMW_N14E074_2010_v3.tif,N14E074,2010,11541,721.31,721312.5
GMW_N14E074_2015_v3.tif,N14E074,2015,11729,733.06,733062.5
GMW_N14E074_2016_v3.tif,N14E074,2016,11729,733.06,733062.5
GMW_N14E074_2017_v3.tif,N14E074,2017,11772,735.75,735750.0
GMW_N14E074_2018_v3.tif,N14E074,2018,11722,732.62,732625.0
GMW_N14E074_2019_v3.tif,N14E074,2019,11676,729.75,729750.0
GMW_N14E074_2020_v3.tif,N14E074,2020,11622,726.38,726375.0
GMW_N14E092_1996_v3.tif,N14E092,1996,137495,8593.44,8593437.5
GMW_N14E092_2007_v3.tif,N14E092,2007,136157,8509.81,8509812.5
GMW_N14E092_2008_v3.tif,N14E092,2008,133139,8321.19,8321187.5
GMW_N14E092_2009_v3.tif,N14E092,2009,130711,8169.44,8169437.5
GMW_N14E092_2010_v3.tif,N14E092,2010,131314,8207.12,8207125.0
GMW_N14E092_2015_v3.tif,N14E092,2015,132702,8293.88,8293875.0
GMW_N14E092_2016_v3.tif,N14E092,2016,151737,9483.56,9483562.5
GMW_N14E092_2017_v3.tif,N14E092,2017,147392,9212.0,9212000.0
GMW_N14E092_2018_v3.tif,N14E092,2018,148510,9281.88,9281875.0
GMW_N14E092_2019_v3.tif,N14E092,2019,142375,8898.44,8898437.5
GMW_N14E092_2020_v3.tif,N14E092,2020,140838,8802.38,8802375.0
GMW_N14E093_1996_v3.tif,N14E093,1996,45213,2825.81,2825812.5
GMW_N14E093_2007_v3.tif,N14E093,2007,44166,2760.38,2760375.0
GMW_N14E093_2008_v3.tif,N14E093,2008,42285,2642.81,2642812.5
GMW_N14E093_2009_v3.tif,N14E093,2009,41739,2608.69,2608687.5
GMW_N14E093_2010_v3.tif,N14E093,2010,42075,2629.69,2629687.5
GMW_N14E093_2015_v3.tif,N14E093,2015,42496,2656.0,2656000.0
GMW_N14E093_2016_v3.tif,N14E093,2016,46425,2901.56,2901562.5
GMW_N14E093_2017_v3.tif,N14E093,2017,45686,2855.38,2855375.0
GMW_N14E093_2018_v3.tif,N14E093,2018,46024,2876.5,2876500.0
GMW_N14E093_2019_v3.tif,N14E093,2019,43748,2734.25,2734250.0
GMW_N14E093_2020_v3.tif,N14E093,2020,43215,2700.94,2700937.5
GMW_N15E042_1996_v3.tif,N15E042,1996,398,24.88,24875.0
GMW_N15E042_2007_v3.tif,N15E042,2007,264,16.5,16500.0
GMW_N15E042_2008_v3.tif,N15E042,2008,228,14.25,14250.0
GMW_N15E042_2009_v3.tif,N15E042,2009,215,13.44,13437.5
GMW_N15E042_2010_v3.tif,N15E042,2010,208,13.0,13000.0
GMW_N15E042_2015_v3.tif,N15E042,2015,225,14.06,14062.5
GMW_N15E042_2016_v3.tif,N15E042,2016,237,14.81,14812.5
GMW_N15E042_2017_v3.tif,N15E042,2017,239,14.94,14937.5
GMW_N15E042_2018_v3.tif,N15E042,2018,246,15.38,15375.0
GMW_N15E042_2019_v3.tif,N15E042,2019,243,15.19,15187.5
GMW_N15E042_2020_v3.tif,N15E042,2020,175,10.94,10937.5
GMW_N15E074_1996_v3.tif,N15E074,1996,34622,2163.88,2163875.0
GMW_N15E074_2007_v3.tif,N15E074,2007,30165,1885.31,1885312.5
GMW_N15E074_2008_v3.tif,N15E074,2008,29563,1847.69,1847687.5
GMW_N15E074_2009_v3.tif,N15E074,2009,29607,1850.44,1850437.5
GMW_N15E074_2010_v3.tif,N15E074,2010,29750,1859.38,1859375.0
GMW_N15E074_2015_v3.tif,N15E074,2015,32433,2027.06,2027062.5
GMW_N15E074_2016_v3.tif,N15E074,2016,32433,2027.06,2027062.5
GMW_N15E074_2017_v3.tif,N15E074,2017,33005,2062.81,2062812.5
GMW_N15E074_2018_v3.tif,N15E074,2018,33688,2105.5,2105500.0
GMW_N15E074_2019_v3.tif,N15E074,2019,33796,2112.25,2112250.0
GMW_N15E074_2020_v3.tif,N15E074,2020,33863,2116.44,2116437.5
GMW_N16E042_1996_v3.tif,N16E042,1996,24765,1547.81,1547812.5
GMW_N16E042_2007_v3.tif,N16E042,2007,21837,1364.81,1364812.5
GMW_N16E042_2008_v3.tif,N16E042,2008,20356,1272.25,1272250.0
GMW_N16E042_2009_v3.tif,N16E042,2009,20520,1282.5,1282500.0
GMW_N16E042_2010_v3.tif,N16E042,2010,20334,1270.88,1270875.0
GMW_N16E042_2015_v3.tif,N16E042,2015,20279,1267.44,1267437.5
GMW_N16E042_2016_v3.tif,N16E042,2016,19570,1223.12,1223125.0
GMW_N16E042_2017_v3.tif,N16E042,2017,19355,1209.69,1209687.5
GMW_N16E042_2018_v3.tif,N16E042,2018,19038,1189.88,1189875.0
GMW_N16E042_2019_v3.tif,N16E042,2019,19143,1196.44,1196437.5
GMW_N16E042_2020_v3.tif,N16E042,2020,18204,1137.75,1137750.0
GMW_N16E073_1996_v3.tif,N16E073,1996,81255,5078.44,5078437.5
GMW_N16E073_2007_v3.tif,N16E073,2007,75517,4719.81,4719812.5
GMW_N16E073_2008_v3.tif,N16E073,2008,73035,4564.69,4564687.5
GMW_N16E073_2009_v3.tif,N16E073,2009,72541,4533.81,4533812.5
GMW_N16E073_2010_v3.tif,N16E073,2010,73279,4579.94,4579937.5
GMW_N16E073_2015_v3.tif,N16E073,2015,79943,4996.44,4996437.5
GMW_N16E073_2016_v3.tif,N16E073,2016,82814,5175.88,5175875.0
GMW_N16E073_2017_v3.tif,N16E073,2017,83498,5218.62,5218625.0
GMW_N16E073_2018_v3.tif,N16E073,2018,82959,5184.94,5184937.5
GMW_N16E073_2019_v3.tif,N16E073,2019,78472,4904.5,4904500.0
GMW_N16E073_2020_v3.tif,N16E073,2020,76475,4779.69,4779687.5
GMW_N16E074_1996_v3.tif,N16E074,1996,4235,264.69,264687.5
GMW_N16E074_2007_v3.tif,N16E074,2007,4235,264.69,264687.5
GMW_N16E074_2008_v3.tif,N16E074,2008,4235,264.69,264687.5
GMW_N16E074_2009_v3.tif,N16E074,2009,4235,264.69,264687.5
GMW_N16E074_2010_v3.tif,N16E074,2010,4235,264.69,264687.5
GMW_N16E074_2015_v3.tif,N16E074,2015,4235,264.69,264687.5
GMW_N16E074_2016_v3.tif,N16E074,2016,4235,264.69,264687.5
GMW_N16E074_2017_v3.tif,N16E074,2017,4235,264.69,264687.5
GMW_N16E074_2018_v3.tif,N16E074,2018,4235,264.69,264687.5
GMW_N16E074_2019_v3.tif,N16E074,2019,4235,264.69,264687.5
GMW_N16E074_2020_v3.tif,N16E074,2020,4235,264.69,264687.5
GMW_N16E080_1996_v3.tif,N16E080,1996,203594,12724.62,12724625.0
GMW_N16E080_2007_v3.tif,N16E080,2007,186415,11650.94,11650937.5
GMW_N16E080_2008_v3.tif,N16E080,2008,182972,11435.75,11435750.0
GMW_N16E080_2009_v3.tif,N16E080,2009,182597,11412.31,11412312.5
GMW_N16E080_2010_v3.tif,N16E080,2010,182267,11391.69,11391687.5
GMW_N16E080_2015_v3.tif,N16E080,2015,187568,11723.0,11723000.0
GMW_N16E080_2016_v3.tif,N16E080,2016,187148,11696.75,11696750.0
GMW_N16E080_2017_v3.tif,N16E080,2017,188465,11779.06,11779062.5
GMW_N16E080_2018_v3.tif,N16E080,2018,192204,12012.75,12012750.0
GMW_N16E080_2019_v3.tif,N16E080,2019,196135,12258.44,12258437.5
GMW_N16E080_2020_v3.tif,N16E080,2020,197200,12325.0,12325000.0
GMW_N16E081_1996_v3.tif,N16E081,1996,11007,687.94,687937.5
GMW_N16E081_2007_v3.tif,N16E081,2007,10862,678.88,678875.0
GMW_N16E081_2008_v3.tif,N16E081,2008,10081,630.06,630062.5
GMW_N16E081_2009_v3.tif,N16E081,2009,9828,614.25,614250.0
GMW_N16E081_2010_v3.tif,N16E081,2010,9702,606.38,606375.0
GMW_N16E081_2015_v3.tif,N16E081,2015,9674,604.62,604625.0
GMW_N16E081_2016_v3.tif,N16E081,2016,9557,597.31,597312.5
GMW_N16E081_2017_v3.tif,N16E081,2017,9595,599.69,599687.5
GMW_N16E081_2018_v3.tif,N16E081,2018,9914,619.62,619625.0
GMW_N16E081_2019_v3.tif,N16E081,2019,10100,631.25,631250.0
GMW_N16E081_2020_v3.tif,N16E081,2020,9656,603.5,603500.0
GMW_N17E041_1996_v3.tif,N17E041,1996,1968,123.0,123000.0
GMW_N17E041_2007_v3.tif,N17E041,2007,1376,86.0,86000.0
GMW_N17E041_2008_v3.tif,N17E041,2008,1292,80.75,80750.0
GMW_N17E041_2009_v3.tif,N17E041,2009,1301,81.31,81312.5
GMW_N17E041_2010_v3.tif,N17E041,2010,1348,84.25,84250.0
GMW_N17E041_2015_v3.tif,N17E041,2015,1560,97.5,97500.0
GMW_N17E041_2016_v3.tif,N17E041,2016,1603,100.19,100187.5
GMW_N17E041_2017_v3.tif,N17E041,2017,1672,104.5,104500.0
GMW_N17E041_2018_v3.tif,N17E041,2018,1660,103.75,103750.0
GMW_N17E041_2019_v3.tif,N17E041,2019,1650,103.12,103125.0
GMW_N17E041_2020_v3.tif,N17E041,2020,1692,105.75,105750.0
GMW_N17E042_1996_v3.tif,N17E042,1996,17195,1074.69,1074687.5
GMW_N17E042_2007_v3.tif,N17E042,2007,14566,910.38,910375.0
GMW_N17E042_2008_v3.tif,N17E042,2008,13187,824.19,824187.5
GMW_N17E042_2009_v3.tif,N17E042,2009,13127,820.44,820437.5
GMW_N17E042_2010_v3.tif,N17E042,2010,12994,812.12,812125.0
GMW_N17E042_2015_v3.tif,N17E042,2015,12998,812.38,812375.0
GMW_N17E042_2016_v3.tif,N17E042,2016,12850,803.12,803125.0
GMW_N17E042_2017_v3.tif,N17E042,2017,12853,803.31,803312.5
GMW_N17E042_2018_v3.tif,N17E042,2018,12263,766.44,766437.5
GMW_N17E042_2019_v3.tif,N17E042,2019,11990,749.38,749375.0
GMW_N17E042_2020_v3.tif,N17E042,2020,12314,769.62,769625.0
GMW_N17E073_1996_v3.tif,N17E073,1996,36220,2263.75,2263750.0
GMW_N17E073_2007_v3.tif,N17E073,2007,37671,2354.44,2354437.5
GMW_N17E073_2008_v3.tif,N17E073,2008,37943,2371.44,2371437.5
GMW_N17E073_2009_v3.tif,N17E073,2009,37893,2368.31,2368312.5
GMW_N17E073_2010_v3.tif,N17E073,2010,38014,2375.88,2375875.0
GMW_N17E073_2015_v3.tif,N17E073,2015,38306,2394.12,2394125.0
GMW_N17E073_2016_v3.tif,N17E073,2016,38648,2415.5,2415500.0
GMW_N17E073_2017_v3.tif,N17E073,2017,38654,2415.88,2415875.0
GMW_N17E073_2018_v3.tif,N17E073,2018,38715,2419.69,2419687.5
GMW_N17E073_2019_v3.tif,N17E073,2019,38767,2422.94,2422937.5
GMW_N17E073_2020_v3.tif,N17E073,2020,38832,2427.0,2427000.0
GMW_N17E081_1996_v3.tif,N17E081,1996,71204,4450.25,4450250.0
GMW_N17E081_2007_v3.tif,N17E081,2007,66428,4151.75,4151750.0
GMW_N17E081_2008_v3.tif,N17E081,2008,64303,4018.94,4018937.5
GMW_N17E081_2009_v3.tif,N17E081,2009,63292,3955.75,3955750.0
GMW_N17E081_2010_v3.tif,N17E081,2010,63038,3939.88,3939875.0
GMW_N17E081_2015_v3.tif,N17E081,2015,63650,3978.12,3978125.0
GMW_N17E081_2016_v3.tif,N17E081,2016,64190,4011.88,4011875.0
GMW_N17E081_2017_v3.tif,N17E081,2017,64939,4058.69,4058687.5
GMW_N17E081_2018_v3.tif,N17E081,2018,66722,4170.12,4170125.0
GMW_N17E081_2019_v3.tif,N17E081,2019,67232,4202.0,4202000.0
GMW_N17E081_2020_v3.tif,N17E081,2020,64455,4028.44,4028437.5
GMW_N17E082_1996_v3.tif,N17E082,1996,319029,19939.31,19939312.5
GMW_N17E082_2007_v3.tif,N17E082,2007,317998,19874.88,19874875.0
GMW_N17E082_2008_v3.tif,N17E082,2008,315518,19719.88,19719875.0
GMW_N17E082_2009_v3.tif,N17E082,2009,312455,19528.44,19528437.5
GMW_N17E082_2010_v3.tif,N17E082,2010,310983,19436.44,19436437.5
GMW_N17E082_2015_v3.tif,N17E082,2015,307640,19227.5,19227500.0
GMW_N17E082_2016_v3.tif,N17E082,2016,308941,19308.81,19308812.5
GMW_N17E082_2017_v3.tif,N17E082,2017,309242,19327.62,19327625.0
GMW_N17E082_2018_v3.tif,N17E082,2018,312437,19527.31,19527312.5
GMW_N17E082_2019_v3.tif,N17E082,2019,312295,19518.44,19518437.5
GMW_N17E082_2020_v3.tif,N17E082,2020,311241,19452.56,19452562.5
GMW_N18E041_1996_v3.tif,N18E041,1996,10350,646.88,646875.0
GMW_N18E041_2007_v3.tif,N18E041,2007,9758,609.88,609875.0
GMW_N18E041_2008_v3.tif,N18E041,2008,8633,539.56,539562.5
GMW_N18E041_2009_v3.tif,N18E041,2009,8920,557.5,557500.0
GMW_N18E041_2010_v3.tif,N18E041,2010,7608,475.5,475500.0
GMW_N18E041_2015_v3.tif,N18E041,2015,5124,320.25,320250.0
GMW_N18E041_2016_v3.tif,N18E041,2016,4645,290.31,290312.5
GMW_N18E041_2017_v3.tif,N18E041,2017,4691,293.19,293187.5
GMW_N18E041_2018_v3.tif,N18E041,2018,4858,303.62,303625.0
GMW_N18E041_2019_v3.tif,N18E041,2019,4950,309.38,309375.0
GMW_N18E041_2020_v3.tif,N18E041,2020,5073,317.06,317062.5
GMW_N18E042_1996_v3.tif,N18E042,1996,17809,1113.06,1113062.5
GMW_N18E042_2007_v3.tif,N18E042,2007,16464,1029.0,1029000.0
GMW_N18E042_2008_v3.tif,N18E042,2008,15003,937.69,937687.5
GMW_N18E042_2009_v3.tif,N18E042,2009,14646,915.38,915375.0
GMW_N18E042_2010_v3.tif,N18E042,2010,13706,856.62,856625.0
GMW_N18E042_2015_v3.tif,N18E042,2015,12566,785.38,785375.0
GMW_N18E042_2016_v3.tif,N18E042,2016,11588,724.25,724250.0
GMW_N18E042_2017_v3.tif,N18E042,2017,11559,722.44,722437.5
GMW_N18E042_2018_v3.tif,N18E042,2018,11570,723.12,723125.0
GMW_N18E042_2019_v3.tif,N18E042,2019,11691,730.69,730687.5
GMW_N18E042_2020_v3.tif,N18E042,2020,11680,730.0,730000.0
GMW_N18E054_1996_v3.tif,N18E054,1996,494,30.88,30875.0
GMW_N18E054_2007_v3.tif,N18E054,2007,444,27.75,27750.0
GMW_N18E054_2008_v3.tif,N18E054,2008,496,31.0,31000.0
GMW_N18E054_2009_v3.tif,N18E054,2009,590,36.88,36875.0
GMW_N18E054_2010_v3.tif,N18E054,2010,624,39.0,39000.0
GMW_N18E054_2015_v3.tif,N18E054,2015,495,30.94,30937.5
GMW_N18E054_2016_v3.tif,N18E054,2016,413,25.81,25812.5
GMW_N18E054_2017_v3.tif,N18E054,2017,263,16.44,16437.5
GMW_N18E054_2018_v3.tif,N18E054,2018,169,10.56,10562.5
GMW_N18E054_2019_v3.tif,N18E054,2019,167,10.44,10437.5
GMW_N18E054_2020_v3.tif,N18E054,2020,254,15.88,15875.0
GMW_N18E073_1996_v3.tif,N18E073,1996,20874,1304.62,1304625.0
GMW_N18E073_2007_v3.tif,N18E073,2007,19388,1211.75,1211750.0
GMW_N18E073_2008_v3.tif,N18E073,2008,19037,1189.81,1189812.5
GMW_N18E073_2009_v3.tif,N18E073,2009,19053,1190.81,1190812.5
GMW_N18E073_2010_v3.tif,N18E073,2010,18942,1183.88,1183875.0
GMW_N18E073_2015_v3.tif,N18E073,2015,18715,1169.69,1169687.5
GMW_N18E073_2016_v3.tif,N18E073,2016,18719,1169.94,1169937.5
GMW_N18E073_2017_v3.tif,N18E073,2017,19022,1188.88,1188875.0
GMW_N18E073_2018_v3.tif,N18E073,2018,20308,1269.25,1269250.0
GMW_N18E073_2019_v3.tif,N18E073,2019,20332,1270.75,1270750.0
GMW_N18E073_2020_v3.tif,N18E073,2020,20178,1261.12,1261125.0
GMW_N19E041_1996_v3.tif,N19E041,1996,32254,2015.88,2015875.0
GMW_N19E041_2007_v3.tif,N19E041,2007,28647,1790.44,1790437.5
GMW_N19E041_2008_v3.tif,N19E041,2008,24312,1519.5,1519500.0
GMW_N19E041_2009_v3.tif,N19E041,2009,23755,1484.69,1484687.5
GMW_N19E041_2010_v3.tif,N19E041,2010,20467,1279.19,1279187.5
GMW_N19E041_2015_v3.tif,N19E041,2015,17146,1071.62,1071625.0
GMW_N19E041_2016_v3.tif,N19E041,2016,16348,1021.75,1021750.0
GMW_N19E041_2017_v3.tif,N19E041,2017,17462,1091.38,1091375.0
GMW_N19E041_2018_v3.tif,N19E041,2018,17966,1122.88,1122875.0
GMW_N19E041_2019_v3.tif,N19E041,2019,18377,1148.56,1148562.5
GMW_N19E041_2020_v3.tif,N19E041,2020,18597,1162.31,1162312.5
GMW_N19E072_1996_v3.tif,N19E072,1996,107277,6704.81,6704812.5
GMW_N19E072_2007_v3.tif,N19E072,2007,105724,6607.75,6607750.0
GMW_N19E072_2008_v3.tif,N19E072,2008,104996,6562.25,6562250.0
GMW_N19E072_2009_v3.tif,N19E072,2009,105940,6621.25,6621250.0
GMW_N19E072_2010_v3.tif,N19E072,2010,106435,6652.19,6652187.5
GMW_N19E072_2015_v3.tif,N19E072,2015,107264,6704.0,6704000.0
GMW_N19E072_2016_v3.tif,N19E072,2016,108523,6782.69,6782687.5
GMW_N19E072_2017_v3.tif,N19E072,2017,109261,6828.81,6828812.5
GMW_N19E072_2018_v3.tif,N19E072,2018,109013,6813.31,6813312.5
GMW_N19E072_2019_v3.tif,N19E072,2019,108285,6767.81,6767812.5
GMW_N19E072_2020_v3.tif,N19E072,2020,106862,6678.88,6678875.0
GMW_N19E073_1996_v3.tif,N19E073,1996,94415,5900.94,5900937.5
GMW_N19E073_2007_v3.tif,N19E073,2007,87710,5481.88,5481875.0
GMW_N19E073_2008_v3.tif,N19E073,2008,86198,5387.38,5387375.0
GMW_N19E073_2009_v3.tif,N19E073,2009,85911,5369.44,5369437.5
GMW_N19E073_2010_v3.tif,N19E073,2010,85706,5356.62,5356625.0
GMW_N19E073_2015_v3.tif,N19E073,2015,87286,5455.38,5455375.0
GMW_N19E073_2016_v3.tif,N19E073,2016,88052,5503.25,5503250.0
GMW_N19E073_2017_v3.tif,N19E073,2017,90131,5633.19,5633187.5
GMW_N19E073_2018_v3.tif,N19E073,2018,91126,5695.38,5695375.0
GMW_N19E073_2019_v3.tif,N19E073,2019,89517,5594.81,5594812.5
GMW_N19E073_2020_v3.tif,N19E073,2020,87712,5482.0,5482000.0
GMW_N20E040_1996_v3.tif,N20E040,1996,18929,1183.06,1183062.5
GMW_N20E040_2007_v3.tif,N20E040,2007,16464,1029.0,1029000.0
GMW_N20E040_2008_v3.tif,N20E040,2008,14603,912.69,912687.5
GMW_N20E040_2009_v3.tif,N20E040,2009,14408,900.5,900500.0
GMW_N20E040_2010_v3.tif,N20E040,2010,12905,806.56,806562.5
GMW_N20E040_2015_v3.tif,N20E040,2015,11049,690.56,690562.5
GMW_N20E040_2016_v3.tif,N20E040,2016,10358,647.38,647375.0
GMW_N20E040_2017_v3.tif,N20E040,2017,9958,622.38,622375.0
GMW_N20E040_2018_v3.tif,N20E040,2018,9799,612.44,612437.5
GMW_N20E040_2019_v3.tif,N20E040,2019,9823,613.94,613937.5
GMW_N20E040_2020_v3.tif,N20E040,2020,10499,656.19,656187.5
GMW_N20E072_1996_v3.tif,N20E072,1996,188940,11808.75,11808750.0
GMW_N20E072_2007_v3.tif,N20E072,2007,179007,11187.94,11187937.5
GMW_N20E072_2008_v3.tif,N20E072,2008,177384,11086.5,11086500.0
GMW_N20E072_2009_v3.tif,N20E072,2009,177547,11096.69,11096687.5
GMW_N20E072_2010_v3.tif,N20E072,2010,178067,11129.19,11129187.5
GMW_N20E072_2015_v3.tif,N20E072,2015,178811,11175.69,11175687.5
GMW_N20E072_2016_v3.tif,N20E072,2016,179872,11242.0,11242000.0
GMW_N20E072_2017_v3.tif,N20E072,2017,180544,11284.0,11284000.0
GMW_N20E072_2018_v3.tif,N20E072,2018,180051,11253.19,11253187.5
GMW_N20E072_2019_v3.tif,N20E072,2019,178552,11159.5,11159500.0
GMW_N20E072_2020_v3.tif,N20E072,2020,178604,11162.75,11162750.0
GMW_N20E073_1996_v3.tif,N20E073,1996,24532,1533.25,1533250.0
GMW_N20E073_2007_v3.tif,N20E073,2007,24055,1503.44,1503437.5
GMW_N20E073_2008_v3.tif,N20E073,2008,23860,1491.25,1491250.0
GMW_N20E073_2009_v3.tif,N20E073,2009,23898,1493.62,1493625.0
GMW_N20E073_2010_v3.tif,N20E073,2010,23782,1486.38,1486375.0
GMW_N20E073_2015_v3.tif,N20E073,2015,23288,1455.5,1455500.0
GMW_N20E073_2016_v3.tif,N20E073,2016,22904,1431.5,1431500.0
GMW_N20E073_2017_v3.tif,N20E073,2017,23078,1442.38,1442375.0
GMW_N20E073_2018_v3.tif,N20E073,2018,23577,1473.56,1473562.5
GMW_N20E073_2019_v3.tif,N20E073,2019,23351,1459.44,1459437.5
GMW_N20E073_2020_v3.tif,N20E073,2020,23393,1462.06,1462062.5
GMW_N20E086_1996_v3.tif,N20E086,1996,4080,255.0,255000.0
GMW_N20E086_2007_v3.tif,N20E086,2007,4080,255.0,255000.0
GMW_N20E086_2008_v3.tif,N20E086,2008,4080,255.0,255000.0
GMW_N20E086_2009_v3.tif,N20E086,2009,4080,255.0,255000.0
GMW_N20E086_2010_v3.tif,N20E086,2010,4080,255.0,255000.0
GMW_N20E086_2015_v3.tif,N20E086,2015,4080,255.0,255000.0
GMW_N20E086_2016_v3.tif,N20E086,2016,4080,255.0,255000.0
GMW_N20E086_2017_v3.tif,N20E086,2017,4080,255.0,255000.0
GMW_N20E086_2018_v3.tif,N20E086,2018,4080,255.0,255000.0
GMW_N20E086_2019_v3.tif,N20E086,2019,4080,255.0,255000.0
GMW_N20E086_2020_v3.tif,N20E086,2020,4080,255.0,255000.0
GMW_N21E039_1996_v3.tif,N21E039,1996,5693,355.81,355812.5
GMW_N21E039_2007_v3.tif,N21E039,2007,4185,261.56,261562.5
GMW_N21E039_2008_v3.tif,N21E039,2008,3759,234.94,234937.5
GMW_N21E039_2009_v3.tif,N21E039,2009,3794,237.12,237125.0
GMW_N21E039_2010_v3.tif,N21E039,2010,3674,229.62,229625.0
GMW_N21E039_2015_v3.tif,N21E039,2015,3287,205.44,205437.5
GMW_N21E039_2016_v3.tif,N21E039,2016,2960,185.0,185000.0
GMW_N21E039_2017_v3.tif,N21E039,2017,3028,189.25,189250.0
GMW_N21E039_2018_v3.tif,N21E039,2018,2978,186.12,186125.0
GMW_N21E039_2019_v3.tif,N21E039,2019,3090,193.12,193125.0
GMW_N21E039_2020_v3.tif,N21E039,2020,3286,205.38,205375.0
GMW_N21E040_1996_v3.tif,N21E040,1996,12960,810.0,810000.0
GMW_N21E040_2007_v3.tif,N21E040,2007,9807,612.94,612937.5
GMW_N21E040_2008_v3.tif,N21E040,2008,8714,544.62,544625.0
GMW_N21E040_2009_v3.tif,N21E040,2009,8842,552.62,552625.0
GMW_N21E040_2010_v3.tif,N21E040,2010,8386,524.12,524125.0
GMW_N21E040_2015_v3.tif,N21E040,2015,7656,478.5,478500.0
GMW_N21E040_2016_v3.tif,N21E040,2016,7163,447.69,447687.5
GMW_N21E040_2017_v3.tif,N21E040,2017,7135,445.94,445937.5
GMW_N21E040_2018_v3.tif,N21E040,2018,6990,436.88,436875.0
GMW_N21E040_2019_v3.tif,N21E040,2019,7098,443.62,443625.0
GMW_N21E040_2020_v3.tif,N21E040,2020,7226,451.62,451625.0
GMW_N21E070_1996_v3.tif,N21E070,1996,13899,868.69,868687.5
GMW_N21E070_2007_v3.tif,N21E070,2007,12451,778.19,778187.5
GMW_N21E070_2008_v3.tif,N21E070,2008,12603,787.69,787687.5
GMW_N21E070_2009_v3.tif,N21E070,2009,14205,887.81,887812.5
GMW_N21E070_2010_v3.tif,N21E070,2010,14940,933.75,933750.0
GMW_N21E070_2015_v3.tif,N21E070,2015,15656,978.5,978500.0
GMW_N21E070_2016_v3.tif,N21E070,2016,15553,972.06,972062.5
GMW_N21E070_2017_v3.tif,N21E070,2017,15366,960.38,960375.0
GMW_N21E070_2018_v3.tif,N21E070,2018,15560,972.5,972500.0
GMW_N21E070_2019_v3.tif,N21E070,2019,15112,944.5,944500.0
GMW_N21E070_2020_v3.tif,N21E070,2020,11739,733.69,733687.5
GMW_N21E071_1996_v3.tif,N21E071,1996,12362,772.62,772625.0
GMW_N21E071_2007_v3.tif,N21E071,2007,13300,831.25,831250.0
GMW_N21E071_2008_v3.tif,N21E071,2008,13495,843.44,843437.5
GMW_N21E071_2009_v3.tif,N21E071,2009,13595,849.69,849687.5
GMW_N21E071_2010_v3.tif,N21E071,2010,13727,857.94,857937.5
GMW_N21E071_2015_v3.tif,N21E071,2015,13836,864.75,864750.0
GMW_N21E071_2016_v3.tif,N21E071,2016,12579,786.19,786187.5
GMW_N21E071_2017_v3.tif,N21E071,2017,11971,748.19,748187.5
GMW_N21E071_2018_v3.tif,N21E071,2018,11431,714.44,714437.5
GMW_N21E071_2019_v3.tif,N21E071,2019,12124,757.75,757750.0
GMW_N21E071_2020_v3.tif,N21E071,2020,12198,762.38,762375.0
GMW_N21E072_1996_v3.tif,N21E072,1996,42976,2686.0,2686000.0
GMW_N21E072_2007_v3.tif,N21E072,2007,42908,2681.75,2681750.0
GMW_N21E072_2008_v3.tif,N21E072,2008,43275,2704.69,2704687.5
GMW_N21E072_2009_v3.tif,N21E072,2009,44571,2785.69,2785687.5
GMW_N21E072_2010_v3.tif,N21E072,2010,44973,2810.81,2810812.5
GMW_N21E072_2015_v3.tif,N21E072,2015,44058,2753.62,2753625.0
GMW_N21E072_2016_v3.tif,N21E072,2016,41873,2617.06,2617062.5
GMW_N21E072_2017_v3.tif,N21E072,2017,39633,2477.06,2477062.5
GMW_N21E072_2018_v3.tif,N21E072,2018,38153,2384.56,2384562.5
GMW_N21E072_2019_v3.tif,N21E072,2019,35882,2242.62,2242625.0
GMW_N21E072_2020_v3.tif,N21E072,2020,37652,2353.25,2353250.0
GMW_N21E086_1996_v3.tif,N21E086,1996,241852,15115.75,15115750.0
GMW_N21E086_2007_v3.tif,N21E086,2007,240456,15028.5,15028500.0
GMW_N21E086_2008_v3.tif,N21E086,2008,239497,14968.56,14968562.5
GMW_N21E086_2009_v3.tif,N21E086,2009,241010,15063.12,15063125.0
GMW_N21E086_2010_v3.tif,N21E086,2010,244792,15299.5,15299500.0
GMW_N21E086_2015_v3.tif,N21E086,2015,261435,16339.69,16339687.5
GMW_N21E086_2016_v3.tif,N21E086,2016,270228,16889.25,16889250.0
GMW_N21E086_2017_v3.tif,N21E086,2017,277022,17313.88,17313875.0
GMW_N21E086_2018_v3.tif,N21E086,2018,279033,17439.56,17439562.5
GMW_N21E086_2019_v3.tif,N21E086,2019,276494,17280.88,17280875.0
GMW_N21E086_2020_v3.tif,N21E086,2020,273040,17065.0,17065000.0
GMW_N21E087_1996_v3.tif,N21E087,1996,16479,1029.94,1029937.5
GMW_N21E087_2007_v3.tif,N21E087,2007,19634,1227.12,1227125.0
GMW_N21E087_2008_v3.tif,N21E087,2008,20268,1266.75,1266750.0
GMW_N21E087_2009_v3.tif,N21E087,2009,20322,1270.12,1270125.0
GMW_N21E087_2010_v3.tif,N21E087,2010,20631,1289.44,1289437.5
GMW_N21E087_2015_v3.tif,N21E087,2015,22035,1377.19,1377187.5
GMW_N21E087_2016_v3.tif,N21E087,2016,23262,1453.88,1453875.0
GMW_N21E087_2017_v3.tif,N21E087,2017,24168,1510.5,1510500.0
GMW_N21E087_2018_v3.tif,N21E087,2018,24286,1517.88,1517875.0
GMW_N21E087_2019_v3.tif,N21E087,2019,24255,1515.94,1515937.5
GMW_N21E087_2020_v3.tif,N21E087,2020,23874,1492.12,1492125.0
GMW_N22E039_1996_v3.tif,N22E039,1996,2472,154.5,154500.0
GMW_N22E039_2007_v3.tif,N22E039,2007,679,42.44,42437.5
GMW_N22E039_2008_v3.tif,N22E039,2008,412,25.75,25750.0
GMW_N22E039_2009_v3.tif,N22E039,2009,355,22.19,22187.5
GMW_N22E039_2010_v3.tif,N22E039,2010,195,12.19,12187.5
GMW_N22E039_2015_v3.tif,N22E039,2015,405,25.31,25312.5
GMW_N22E039_2016_v3.tif,N22E039,2016,786,49.12,49125.0
GMW_N22E039_2017_v3.tif,N22E039,2017,892,55.75,55750.0
GMW_N22E039_2018_v3.tif,N22E039,2018,915,57.19,57187.5
GMW_N22E039_2019_v3.tif,N22E039,2019,616,38.5,38500.0
GMW_N22E039_2020_v3.tif,N22E039,2020,587,36.69,36687.5
GMW_N22E069_1996_v3.tif,N22E069,1996,1254,78.38,78375.0
GMW_N22E069_2007_v3.tif,N22E069,2007,1212,75.75,75750.0
GMW_N22E069_2008_v3.tif,N22E069,2008,1185,74.06,74062.5
GMW_N22E069_2009_v3.tif,N22E069,2009,1174,73.38,73375.0
GMW_N22E069_2010_v3.tif,N22E069,2010,1164,72.75,72750.0
GMW_N22E069_2015_v3.tif,N22E069,2015,1175,73.44,73437.5
GMW_N22E069_2016_v3.tif,N22E069,2016,1157,72.31,72312.5
GMW_N22E069_2017_v3.tif,N22E069,2017,1170,73.12,73125.0
GMW_N22E069_2018_v3.tif,N22E069,2018,1189,74.31,74312.5
GMW_N22E069_2019_v3.tif,N22E069,2019,1204,75.25,75250.0
GMW_N22E069_2020_v3.tif,N22E069,2020,1186,74.12,74125.0
GMW_N22E071_1996_v3.tif,N22E071,1996,1326,82.88,82875.0
GMW_N22E071_2007_v3.tif,N22E071,2007,913,57.06,57062.5
GMW_N22E071_2008_v3.tif,N22E071,2008,900,56.25,56250.0
GMW_N22E071_2009_v3.tif,N22E071,2009,892,55.75,55750.0
GMW_N22E071_2010_v3.tif,N22E071,2010,877,54.81,54812.5
GMW_N22E071_2015_v3.tif,N22E071,2015,805,50.31,50312.5
GMW_N22E071_2016_v3.tif,N22E071,2016,717,44.81,44812.5
GMW_N22E071_2017_v3.tif,N22E071,2017,692,43.25,43250.0
GMW_N22E071_2018_v3.tif,N22E071,2018,634,39.62,39625.0
GMW_N22E071_2019_v3.tif,N22E071,2019,659,41.19,41187.5
GMW_N22E071_2020_v3.tif,N22E071,2020,747,46.69,46687.5
GMW_N22E072_1996_v3.tif,N22E072,1996,124205,7762.81,7762812.5
GMW_N22E072_2007_v3.tif,N22E072,2007,128254,8015.88,8015875.0
GMW_N22E072_2008_v3.tif,N22E072,2008,129303,8081.44,8081437.5
GMW_N22E072_2009_v3.tif,N22E072,2009,131667,8229.19,8229187.5
GMW_N22E072_2010_v3.tif,N22E072,2010,133559,8347.44,8347437.5
GMW_N22E072_2015_v3.tif,N22E072,2015,141345,8834.06,8834062.5
GMW_N22E072_2016_v3.tif,N22E072,2016,142394,8899.62,8899625.0
GMW_N22E072_2017_v3.tif,N22E072,2017,141779,8861.19,8861187.5
GMW_N22E072_2018_v3.tif,N22E072,2018,141157,8822.31,8822312.5
GMW_N22E072_2019_v3.tif,N22E072,2019,138133,8633.31,8633312.5
GMW_N22E072_2020_v3.tif,N22E072,2020,137432,8589.5,8589500.0
GMW_N22E086_1996_v3.tif,N22E086,1996,15652,978.25,978250.0
GMW_N22E086_2007_v3.tif,N22E086,2007,12220,763.75,763750.0
GMW_N22E086_2008_v3.tif,N22E086,2008,11255,703.44,703437.5
GMW_N22E086_2009_v3.tif,N22E086,2009,10934,683.38,683375.0
GMW_N22E086_2010_v3.tif,N22E086,2010,11789,736.81,736812.5
GMW_N22E086_2015_v3.tif,N22E086,2015,18636,1164.75,1164750.0
GMW_N22E086_2016_v3.tif,N22E086,2016,24196,1512.25,1512250.0
GMW_N22E086_2017_v3.tif,N22E086,2017,27483,1717.69,1717687.5
GMW_N22E086_2018_v3.tif,N22E086,2018,28968,1810.5,1810500.0
GMW_N22E086_2019_v3.tif,N22E086,2019,26366,1647.88,1647875.0
GMW_N22E086_2020_v3.tif,N22E086,2020,21372,1335.75,1335750.0
GMW_N22E087_1996_v3.tif,N22E087,1996,8500,531.25,531250.0
GMW_N22E087_2007_v3.tif,N22E087,2007,6566,410.38,410375.0
GMW_N22E087_2008_v3.tif,N22E087,2008,6381,398.81,398812.5
GMW_N22E087_2009_v3.tif,N22E087,2009,6530,408.12,408125.0
GMW_N22E087_2010_v3.tif,N22E087,2010,6696,418.5,418500.0
GMW_N22E087_2015_v3.tif,N22E087,2015,7608,475.5,475500.0
GMW_N22E087_2016_v3.tif,N22E087,2016,8490,530.62,530625.0
GMW_N22E087_2017_v3.tif,N22E087,2017,8719,544.94,544937.5
GMW_N22E087_2018_v3.tif,N22E087,2018,8638,539.88,539875.0
GMW_N22E087_2019_v3.tif,N22E087,2019,8249,515.56,515562.5
GMW_N22E087_2020_v3.tif,N22E087,2020,8132,508.25,508250.0
GMW_N22E088_1996_v3.tif,N22E088,1996,2632956,164559.75,164559750.0
GMW_N22E088_2007_v3.tif,N22E088,2007,2624361,164022.56,164022562.5
GMW_N22E088_2008_v3.tif,N22E088,2008,2619428,163714.25,163714250.0
GMW_N22E088_2009_v3.tif,N22E088,2009,2635396,164712.25,164712250.0
GMW_N22E088_2010_v3.tif,N22E088,2010,2606834,162927.12,162927125.0
GMW_N22E088_2015_v3.tif,N22E088,2015,2608400,163025.0,163025000.0
GMW_N22E088_2016_v3.tif,N22E088,2016,2598528,162408.0,162408000.0
GMW_N22E088_2017_v3.tif,N22E088,2017,2603082,162692.62,162692625.0
GMW_N22E088_2018_v3.tif,N22E088,2018,2593602,162100.12,162100125.0
GMW_N22E088_2019_v3.tif,N22E088,2019,2594243,162140.19,162140187.5
GMW_N22E088_2020_v3.tif,N22E088,2020,2571455,160715.94,160715937.5
GMW_N22E089_1996_v3.tif,N22E089,1996,3081618,192601.12,192601125.0
GMW_N22E089_2007_v3.tif,N22E089,2007,3094357,193397.31,193397312.5
GMW_N22E089_2008_v3.tif,N22E089,2008,3089831,193114.44,193114437.5
GMW_N22E089_2009_v3.tif,N22E089,2009,3086148,192884.25,192884250.0
GMW_N22E089_2010_v3.tif,N22E089,2010,3075049,192190.56,192190562.5
GMW_N22E089_2015_v3.tif,N22E089,2015,3046873,190429.56,190429562.5
GMW_N22E089_2016_v3.tif,N22E089,2016,3032593,189537.06,189537062.5
GMW_N22E089_2017_v3.tif,N22E089,2017,3029634,189352.12,189352125.0
GMW_N22E089_2018_v3.tif,N22E089,2018,3033839,189614.94,189614937.5
GMW_N22E089_2019_v3.tif,N22E089,2019,3033325,189582.81,189582812.5
GMW_N22E089_2020_v3.tif,N22E089,2020,3027636,189227.25,189227250.0
GMW_N22E090_1996_v3.tif,N22E090,1996,273513,17094.56,17094562.5
GMW_N22E090_2007_v3.tif,N22E090,2007,318576,19911.0,19911000.0
GMW_N22E090_2008_v3.tif,N22E090,2008,320873,20054.56,20054562.5
GMW_N22E090_2009_v3.tif,N22E090,2009,328669,20541.81,20541812.5
GMW_N22E090_2010_v3.tif,N22E090,2010,342828,21426.75,21426750.0
GMW_N22E090_2015_v3.tif,N22E090,2015,362465,22654.06,22654062.5
GMW_N22E090_2016_v3.tif,N22E090,2016,366682,22917.62,22917625.0
GMW_N22E090_2017_v3.tif,N22E090,2017,353131,22070.69,22070687.5
GMW_N22E090_2018_v3.tif,N22E090,2018,355734,22233.38,22233375.0
GMW_N22E090_2019_v3.tif,N22E090,2019,367652,22978.25,22978250.0
GMW_N22E090_2020_v3.tif,N22E090,2020,377769,23610.56,23610562.5
GMW_N22E091_1996_v3.tif,N22E091,1996,63238,3952.38,3952375.0
GMW_N22E091_2007_v3.tif,N22E091,2007,49062,3066.38,3066375.0
GMW_N22E091_2008_v3.tif,N22E091,2008,48733,3045.81,3045812.5
GMW_N22E091_2009_v3.tif,N22E091,2009,43769,2735.56,2735562.5
GMW_N22E091_2010_v3.tif,N22E091,2010,49739,3108.69,3108687.5
GMW_N22E091_2015_v3.tif,N22E091,2015,57975,3623.44,3623437.5
GMW_N22E091_2016_v3.tif,N22E091,2016,74168,4635.5,4635500.0
GMW_N22E091_2017_v3.tif,N22E091,2017,81201,5075.06,5075062.5
GMW_N22E091_2018_v3.tif,N22E091,2018,84218,5263.62,5263625.0
GMW_N22E091_2019_v3.tif,N22E091,2019,85489,5343.06,5343062.5
GMW_N22E091_2020_v3.tif,N22E091,2020,94546,5909.12,5909125.0
GMW_N22E092_1996_v3.tif,N22E092,1996,43869,2741.81,2741812.5
GMW_N22E092_2007_v3.tif,N22E092,2007,18421,1151.31,1151312.5
GMW_N22E092_2008_v3.tif,N22E092,2008,11041,690.06,690062.5
GMW_N22E092_2009_v3.tif,N22E092,2009,10653,665.81,665812.5
GMW_N22E092_2010_v3.tif,N22E092,2010,12680,792.5,792500.0
GMW_N22E092_2015_v3.tif,N22E092,2015,15685,980.31,980312.5
GMW_N22E092_2016_v3.tif,N22E092,2016,19314,1207.12,1207125.0
GMW_N22E092_2017_v3.tif,N22E092,2017,25459,1591.19,1591187.5
GMW_N22E092_2018_v3.tif,N22E092,2018,47700,2981.25,2981250.0
GMW_N22E092_2019_v3.tif,N22E092,2019,55557,3472.31,3472312.5
GMW_N22E092_2020_v3.tif,N22E092,2020,64920,4057.5,4057500.0
GMW_N23E038_1996_v3.tif,N23E038,1996,4978,311.12,311125.0
GMW_N23E038_2007_v3.tif,N23E038,2007,4888,305.5,305500.0
GMW_N23E038_2008_v3.tif,N23E038,2008,4733,295.81,295812.5
GMW_N23E038_2009_v3.tif,N23E038,2009,4658,291.12,291125.0
GMW_N23E038_2010_v3.tif,N23E038,2010,4513,282.06,282062.5
GMW_N23E038_2015_v3.tif,N23E038,2015,4358,272.38,272375.0
GMW_N23E038_2016_v3.tif,N23E038,2016,4246,265.38,265375.0
GMW_N23E038_2017_v3.tif,N23E038,2017,4249,265.56,265562.5
GMW_N23E038_2018_v3.tif,N23E038,2018,4193,262.06,262062.5
GMW_N23E038_2019_v3.tif,N23E038,2019,4245,265.31,265312.5
GMW_N23E038_2020_v3.tif,N23E038,2020,4438,277.38,277375.0
GMW_N23E039_1996_v3.tif,N23E039,1996,4670,291.88,291875.0
GMW_N23E039_2007_v3.tif,N23E039,2007,4727,295.44,295437.5
GMW_N23E039_2008_v3.tif,N23E039,2008,4767,297.94,297937.5
GMW_N23E039_2009_v3.tif,N23E039,2009,4966,310.38,310375.0
GMW_N23E039_2010_v3.tif,N23E039,2010,4856,303.5,303500.0
GMW_N23E039_2015_v3.tif,N23E039,2015,4643,290.19,290187.5
GMW_N23E039_2016_v3.tif,N23E039,2016,4303,268.94,268937.5
GMW_N23E039_2017_v3.tif,N23E039,2017,4377,273.56,273562.5
GMW_N23E039_2018_v3.tif,N23E039,2018,4330,270.62,270625.0
GMW_N23E039_2019_v3.tif,N23E039,2019,4453,278.31,278312.5
GMW_N23E039_2020_v3.tif,N23E039,2020,4614,288.38,288375.0
GMW_N23E059_1996_v3.tif,N23E059,1996,730,45.62,45625.0
GMW_N23E059_2007_v3.tif,N23E059,2007,571,35.69,35687.5
GMW_N23E059_2008_v3.tif,N23E059,2008,505,31.56,31562.5
GMW_N23E059_2009_v3.tif,N23E059,2009,525,32.81,32812.5
GMW_N23E059_2010_v3.tif,N23E059,2010,546,34.12,34125.0
GMW_N23E059_2015_v3.tif,N23E059,2015,593,37.06,37062.5
GMW_N23E059_2016_v3.tif,N23E059,2016,607,37.94,37937.5
GMW_N23E059_2017_v3.tif,N23E059,2017,639,39.94,39937.5
GMW_N23E059_2018_v3.tif,N23E059,2018,691,43.19,43187.5
GMW_N23E059_2019_v3.tif,N23E059,2019,698,43.62,43625.0
GMW_N23E059_2020_v3.tif,N23E059,2020,689,43.06,43062.5
GMW_N23E069_1996_v3.tif,N23E069,1996,259222,16201.38,16201375.0
GMW_N23E069_2007_v3.tif,N23E069,2007,246216,15388.5,15388500.0
GMW_N23E069_2008_v3.tif,N23E069,2008,243022,15188.88,15188875.0
GMW_N23E069_2009_v3.tif,N23E069,2009,244914,15307.12,15307125.0
GMW_N23E069_2010_v3.tif,N23E069,2010,245406,15337.88,15337875.0
GMW_N23E069_2015_v3.tif,N23E069,2015,257462,16091.38,16091375.0
GMW_N23E069_2016_v3.tif,N23E069,2016,262885,16430.31,16430312.5
GMW_N23E069_2017_v3.tif,N23E069,2017,263981,16498.81,16498812.5
GMW_N23E069_2018_v3.tif,N23E069,2018,267087,16692.94,16692937.5
GMW_N23E069_2019_v3.tif,N23E069,2019,265867,16616.69,16616687.5
GMW_N23E069_2020_v3.tif,N23E069,2020,246416,15401.0,15401000.0
GMW_N23E070_1996_v3.tif,N23E070,1996,110175,6885.94,6885937.5
GMW_N23E070_2007_v3.tif,N23E070,2007,117138,7321.12,7321125.0
GMW_N23E070_2008_v3.tif,N23E070,2008,115831,7239.44,7239437.5
GMW_N23E070_2009_v3.tif,N23E070,2009,116920,7307.5,7307500.0
GMW_N23E070_2010_v3.tif,N23E070,2010,122403,7650.19,7650187.5
GMW_N23E070_2015_v3.tif,N23E070,2015,135203,8450.19,8450187.5
GMW_N23E070_2016_v3.tif,N23E070,2016,135284,8455.25,8455250.0
GMW_N23E070_2017_v3.tif,N23E070,2017,130083,8130.19,8130187.5
GMW_N23E070_2018_v3.tif,N23E070,2018,128013,8000.81,8000812.5
GMW_N23E070_2019_v3.tif,N23E070,2019,130612,8163.25,8163250.0
GMW_N23E070_2020_v3.tif,N23E070,2020,139131,8695.69,8695687.5
GMW_N23E072_1996_v3.tif,N23E072,1996,10244,640.25,640250.0
GMW_N23E072_2007_v3.tif,N23E072,2007,24271,1516.94,1516937.5
GMW_N23E072_2008_v3.tif,N23E072,2008,25590,1599.38,1599375.0
GMW_N23E072_2009_v3.tif,N23E072,2009,25557,1597.31,1597312.5
GMW_N23E072_2010_v3.tif,N23E072,2010,24154,1509.62,1509625.0
GMW_N23E072_2015_v3.tif,N23E072,2015,20523,1282.69,1282687.5
GMW_N23E072_2016_v3.tif,N23E072,2016,19526,1220.38,1220375.0
GMW_N23E072_2017_v3.tif,N23E072,2017,19221,1201.31,1201312.5
GMW_N23E072_2018_v3.tif,N23E072,2018,19126,1195.38,1195375.0
GMW_N23E072_2019_v3.tif,N23E072,2019,19404,1212.75,1212750.0
GMW_N23E072_2020_v3.tif,N23E072,2020,18091,1130.69,1130687.5
GMW_N23E087_1996_v3.tif,N23E087,1996,107,6.69,6687.5
GMW_N23E087_2007_v3.tif,N23E087,2007,107,6.69,6687.5
GMW_N23E087_2008_v3.tif,N23E087,2008,107,6.69,6687.5
GMW_N23E087_2009_v3.tif,N23E087,2009,107,6.69,6687.5
GMW_N23E087_2010_v3.tif,N23E087,2010,107,6.69,6687.5
GMW_N23E087_2015_v3.tif,N23E087,2015,107,6.69,6687.5
GMW_N23E087_2016_v3.tif,N23E087,2016,107,6.69,6687.5
GMW_N23E087_2017_v3.tif,N23E087,2017,107,6.69,6687.5
GMW_N23E087_2018_v3.tif,N23E087,2018,107,6.69,6687.5
GMW_N23E087_2019_v3.tif,N23E087,2019,107,6.69,6687.5
GMW_N23E087_2020_v3.tif,N23E087,2020,107,6.69,6687.5
GMW_N23E088_1996_v3.tif,N23E088,1996,561095,35068.44,35068437.5
GMW_N23E088_2007_v3.tif,N23E088,2007,565647,35352.94,35352937.5
GMW_N23E088_2008_v3.tif,N23E088,2008,567289,35455.56,35455562.5
GMW_N23E088_2009_v3.tif,N23E088,2009,573308,35831.75,35831750.0
GMW_N23E088_2010_v3.tif,N23E088,2010,576420,36026.25,36026250.0
GMW_N23E088_2015_v3.tif,N23E088,2015,587101,36693.81,36693812.5
GMW_N23E088_2016_v3.tif,N23E088,2016,589460,36841.25,36841250.0
GMW_N23E088_2017_v3.tif,N23E088,2017,589704,36856.5,36856500.0
GMW_N23E088_2018_v3.tif,N23E088,2018,589041,36815.06,36815062.5
GMW_N23E088_2019_v3.tif,N23E088,2019,591046,36940.38,36940375.0
GMW_N23E088_2020_v3.tif,N23E088,2020,589420,36838.75,36838750.0
GMW_N23E089_1996_v3.tif,N23E089,1996,4574845,285927.81,285927812.5
GMW_N23E089_2007_v3.tif,N23E089,2007,4586317,286644.81,286644812.5
GMW_N23E089_2008_v3.tif,N23E089,2008,4582470,286404.38,286404375.0
GMW_N23E089_2009_v3.tif,N23E089,2009,4580505,286281.56,286281562.5
GMW_N23E089_2010_v3.tif,N23E089,2010,4566892,285430.75,285430750.0
GMW_N23E089_2015_v3.tif,N23E089,2015,4542126,283882.88,283882875.0
GMW_N23E089_2016_v3.tif,N23E089,2016,4532945,283309.06,283309062.5
GMW_N23E089_2017_v3.tif,N23E089,2017,4534660,283416.25,283416250.0
GMW_N23E089_2018_v3.tif,N23E089,2018,4541437,283839.81,283839812.5
GMW_N23E089_2019_v3.tif,N23E089,2019,4538706,283669.12,283669125.0
GMW_N23E089_2020_v3.tif,N23E089,2020,4532581,283286.31,283286312.5
GMW_N23E090_1996_v3.tif,N23E090,1996,186533,11658.31,11658312.5
GMW_N23E090_2007_v3.tif,N23E090,2007,224012,14000.75,14000750.0
GMW_N23E090_2008_v3.tif,N23E090,2008,225234,14077.12,14077125.0
GMW_N23E090_2009_v3.tif,N23E090,2009,219339,13708.69,13708687.5
GMW_N23E090_2010_v3.tif,N23E090,2010,220467,13779.19,13779187.5
GMW_N23E090_2015_v3.tif,N23E090,2015,205416,12838.5,12838500.0
GMW_N23E090_2016_v3.tif,N23E090,2016,209569,13098.06,13098062.5
GMW_N23E090_2017_v3.tif,N23E090,2017,195476,12217.25,12217250.0
GMW_N23E090_2018_v3.tif,N23E090,2018,210003,13125.19,13125187.5
GMW_N23E090_2019_v3.tif,N23E090,2019,198540,12408.75,12408750.0
GMW_N23E090_2020_v3.tif,N23E090,2020,202174,12635.88,12635875.0
GMW_N23E091_1996_v3.tif,N23E091,1996,177299,11081.19,11081187.5
GMW_N23E091_2007_v3.tif,N23E091,2007,195118,12194.88,12194875.0
GMW_N23E091_2008_v3.tif,N23E091,2008,192358,12022.38,12022375.0
GMW_N23E091_2009_v3.tif,N23E091,2009,185925,11620.31,11620312.5
GMW_N23E091_2010_v3.tif,N23E091,2010,182507,11406.69,11406687.5
GMW_N23E091_2015_v3.tif,N23E091,2015,180880,11305.0,11305000.0
GMW_N23E091_2016_v3.tif,N23E091,2016,184234,11514.62,11514625.0
GMW_N23E091_2017_v3.tif,N23E091,2017,182594,11412.12,11412125.0
GMW_N23E091_2018_v3.tif,N23E091,2018,195809,12238.06,12238062.5
GMW_N23E091_2019_v3.tif,N23E091,2019,180952,11309.5,11309500.0
GMW_N23E091_2020_v3.tif,N23E091,2020,180155,11259.69,11259687.5
GMW_N24E038_1996_v3.tif,N24E038,1996,4675,292.19,292187.5
GMW_N24E038_2007_v3.tif,N24E038,2007,4490,280.62,280625.0
GMW_N24E038_2008_v3.tif,N24E038,2008,4429,276.81,276812.5
GMW_N24E038_2009_v3.tif,N24E038,2009,4409,275.56,275562.5
GMW_N24E038_2010_v3.tif,N24E038,2010,4295,268.44,268437.5
GMW_N24E038_2015_v3.tif,N24E038,2015,4412,275.75,275750.0
GMW_N24E038_2016_v3.tif,N24E038,2016,4407,275.44,275437.5
GMW_N24E038_2017_v3.tif,N24E038,2017,4461,278.81,278812.5
GMW_N24E038_2018_v3.tif,N24E038,2018,4402,275.12,275125.0
GMW_N24E038_2019_v3.tif,N24E038,2019,4336,271.0,271000.0
GMW_N24E038_2020_v3.tif,N24E038,2020,4202,262.62,262625.0
GMW_N24E052_1996_v3.tif,N24E052,1996,5,0.31,312.5
GMW_N24E052_2007_v3.tif,N24E052,2007,0,0.0,0.0
GMW_N24E052_2008_v3.tif,N24E052,2008,0,0.0,0.0
GMW_N24E052_2009_v3.tif,N24E052,2009,0,0.0,0.0
GMW_N24E052_2010_v3.tif,N24E052,2010,0,0.0,0.0
GMW_N24E052_2015_v3.tif,N24E052,2015,0,0.0,0.0
GMW_N24E052_2016_v3.tif,N24E052,2016,0,0.0,0.0
GMW_N24E052_2017_v3.tif,N24E052,2017,0,0.0,0.0
GMW_N24E052_2018_v3.tif,N24E052,2018,0,0.0,0.0
GMW_N24E052_2019_v3.tif,N24E052,2019,0,0.0,0.0
GMW_N24E052_2020_v3.tif,N24E052,2020,0,0.0,0.0
GMW_N24E058_1996_v3.tif,N24E058,1996,1121,70.06,70062.5
GMW_N24E058_2007_v3.tif,N24E058,2007,873,54.56,54562.5
GMW_N24E058_2008_v3.tif,N24E058,2008,745,46.56,46562.5
GMW_N24E058_2009_v3.tif,N24E058,2009,740,46.25,46250.0
GMW_N24E058_2010_v3.tif,N24E058,2010,737,46.06,46062.5
GMW_N24E058_2015_v3.tif,N24E058,2015,820,51.25,51250.0
GMW_N24E058_2016_v3.tif,N24E058,2016,829,51.81,51812.5
GMW_N24E058_2017_v3.tif,N24E058,2017,816,51.0,51000.0
GMW_N24E058_2018_v3.tif,N24E058,2018,853,53.31,53312.5
GMW_N24E058_2019_v3.tif,N24E058,2019,918,57.38,57375.0
GMW_N24E058_2020_v3.tif,N24E058,2020,918,57.38,57375.0
GMW_N24E067_1996_v3.tif,N24E067,1996,220162,13760.12,13760125.0
GMW_N24E067_2007_v3.tif,N24E067,2007,191956,11997.25,11997250.0
GMW_N24E067_2008_v3.tif,N24E067,2008,182401,11400.06,11400062.5
GMW_N24E067_2009_v3.tif,N24E067,2009,181280,11330.0,11330000.0
GMW_N24E067_2010_v3.tif,N24E067,2010,176951,11059.44,11059437.5
GMW_N24E067_2015_v3.tif,N24E067,2015,176746,11046.62,11046625.0
GMW_N24E067_2016_v3.tif,N24E067,2016,193128,12070.5,12070500.0
GMW_N24E067_2017_v3.tif,N24E067,2017,205808,12863.0,12863000.0
GMW_N24E067_2018_v3.tif,N24E067,2018,213647,13352.94,13352937.5
GMW_N24E067_2019_v3.tif,N24E067,2019,205976,12873.5,12873500.0
GMW_N24E067_2020_v3.tif,N24E067,2020,176449,11028.06,11028062.5
GMW_N24E068_1996_v3.tif,N24E068,1996,514908,32181.75,32181750.0
GMW_N24E068_2007_v3.tif,N24E068,2007,468733,29295.81,29295812.5
GMW_N24E068_2008_v3.tif,N24E068,2008,451571,28223.19,28223187.5
GMW_N24E068_2009_v3.tif,N24E068,2009,434845,27177.81,27177812.5
GMW_N24E068_2010_v3.tif,N24E068,2010,412281,25767.56,25767562.5
GMW_N24E068_2015_v3.tif,N24E068,2015,397348,24834.25,24834250.0
GMW_N24E068_2016_v3.tif,N24E068,2016,393371,24585.69,24585687.5
GMW_N24E068_2017_v3.tif,N24E068,2017,393893,24618.31,24618312.5
GMW_N24E068_2018_v3.tif,N24E068,2018,379667,23729.19,23729187.5
GMW_N24E068_2019_v3.tif,N24E068,2019,341035,21314.69,21314687.5
GMW_N24E068_2020_v3.tif,N24E068,2020,296893,18555.81,18555812.5
GMW_N25E037_1996_v3.tif,N25E037,1996,762,47.62,47625.0
GMW_N25E037_2007_v3.tif,N25E037,2007,833,52.06,52062.5
GMW_N25E037_2008_v3.tif,N25E037,2008,801,50.06,50062.5
GMW_N25E037_2009_v3.tif,N25E037,2009,816,51.0,51000.0
GMW_N25E037_2010_v3.tif,N25E037,2010,830,51.88,51875.0
GMW_N25E037_2015_v3.tif,N25E037,2015,868,54.25,54250.0
GMW_N25E037_2016_v3.tif,N25E037,2016,863,53.94,53937.5
GMW_N25E037_2017_v3.tif,N25E037,2017,869,54.31,54312.5
GMW_N25E037_2018_v3.tif,N25E037,2018,887,55.44,55437.5
GMW_N25E037_2019_v3.tif,N25E037,2019,866,54.12,54125.0
GMW_N25E037_2020_v3.tif,N25E037,2020,796,49.75,49750.0
GMW_N25E038_1996_v3.tif,N25E038,1996,521,32.56,32562.5
GMW_N25E038_2007_v3.tif,N25E038,2007,606,37.88,37875.0
GMW_N25E038_2008_v3.tif,N25E038,2008,735,45.94,45937.5
GMW_N25E038_2009_v3.tif,N25E038,2009,1032,64.5,64500.0
GMW_N25E038_2010_v3.tif,N25E038,2010,976,61.0,61000.0
GMW_N25E038_2015_v3.tif,N25E038,2015,625,39.06,39062.5
GMW_N25E038_2016_v3.tif,N25E038,2016,608,38.0,38000.0
GMW_N25E038_2017_v3.tif,N25E038,2017,761,47.56,47562.5
GMW_N25E038_2018_v3.tif,N25E038,2018,815,50.94,50937.5
GMW_N25E038_2019_v3.tif,N25E038,2019,834,52.12,52125.0
GMW_N25E038_2020_v3.tif,N25E038,2020,947,59.19,59187.5
GMW_N25E052_1996_v3.tif,N25E052,1996,82,5.12,5125.0
GMW_N25E052_2007_v3.tif,N25E052,2007,28,1.75,1750.0
GMW_N25E052_2008_v3.tif,N25E052,2008,26,1.62,1625.0
GMW_N25E052_2009_v3.tif,N25E052,2009,29,1.81,1812.5
GMW_N25E052_2010_v3.tif,N25E052,2010,27,1.69,1687.5
GMW_N25E052_2015_v3.tif,N25E052,2015,11,0.69,687.5
GMW_N25E052_2016_v3.tif,N25E052,2016,10,0.62,625.0
GMW_N25E052_2017_v3.tif,N25E052,2017,3,0.19,187.5
GMW_N25E052_2018_v3.tif,N25E052,2018,6,0.38,375.0
GMW_N25E052_2019_v3.tif,N25E052,2019,5,0.31,312.5
GMW_N25E052_2020_v3.tif,N25E052,2020,3,0.19,187.5
GMW_N25E053_1996_v3.tif,N25E053,1996,9765,610.31,610312.5
GMW_N25E053_2007_v3.tif,N25E053,2007,10094,630.88,630875.0
GMW_N25E053_2008_v3.tif,N25E053,2008,10628,664.25,664250.0
GMW_N25E053_2009_v3.tif,N25E053,2009,9792,612.0,612000.0
GMW_N25E053_2010_v3.tif,N25E053,2010,9612,600.75,600750.0
GMW_N25E053_2015_v3.tif,N25E053,2015,9054,565.88,565875.0
GMW_N25E053_2016_v3.tif,N25E053,2016,8802,550.12,550125.0
GMW_N25E053_2017_v3.tif,N25E053,2017,8818,551.12,551125.0
GMW_N25E053_2018_v3.tif,N25E053,2018,8794,549.62,549625.0
GMW_N25E053_2019_v3.tif,N25E053,2019,8956,559.75,559750.0
GMW_N25E053_2020_v3.tif,N25E053,2020,9177,573.56,573562.5
GMW_N25E054_1996_v3.tif,N25E054,1996,99495,6218.44,6218437.5
GMW_N25E054_2007_v3.tif,N25E054,2007,110863,6928.94,6928937.5
GMW_N25E054_2008_v3.tif,N25E054,2008,122034,7627.12,7627125.0
GMW_N25E054_2009_v3.tif,N25E054,2009,118834,7427.12,7427125.0
GMW_N25E054_2010_v3.tif,N25E054,2010,106973,6685.81,6685812.5
GMW_N25E054_2015_v3.tif,N25E054,2015,96263,6016.44,6016437.5
GMW_N25E054_2016_v3.tif,N25E054,2016,94658,5916.12,5916125.0
GMW_N25E054_2017_v3.tif,N25E054,2017,97478,6092.38,6092375.0
GMW_N25E054_2018_v3.tif,N25E054,2018,98733,6170.81,6170812.5
GMW_N25E054_2019_v3.tif,N25E054,2019,98634,6164.62,6164625.0
GMW_N25E054_2020_v3.tif,N25E054,2020,99203,6200.19,6200187.5
GMW_N25E056_1996_v3.tif,N25E056,1996,1895,118.44,118437.5
GMW_N25E056_2007_v3.tif,N25E056,2007,1626,101.62,101625.0
GMW_N25E056_2008_v3.tif,N25E056,2008,1422,88.88,88875.0
GMW_N25E056_2009_v3.tif,N25E056,2009,1425,89.06,89062.5
GMW_N25E056_2010_v3.tif,N25E056,2010,1436,89.75,89750.0
GMW_N25E056_2015_v3.tif,N25E056,2015,1393,87.06,87062.5
GMW_N25E056_2016_v3.tif,N25E056,2016,1412,88.25,88250.0
GMW_N25E056_2017_v3.tif,N25E056,2017,1399,87.44,87437.5
GMW_N25E056_2018_v3.tif,N25E056,2018,1475,92.19,92187.5
GMW_N25E056_2019_v3.tif,N25E056,2019,1548,96.75,96750.0
GMW_N25E056_2020_v3.tif,N25E056,2020,1642,102.62,102625.0
GMW_N25E066_1996_v3.tif,N25E066,1996,23576,1473.5,1473500.0
GMW_N25E066_2007_v3.tif,N25E066,2007,21314,1332.12,1332125.0
GMW_N25E066_2008_v3.tif,N25E066,2008,20847,1302.94,1302937.5
GMW_N25E066_2009_v3.tif,N25E066,2009,20930,1308.12,1308125.0
GMW_N25E066_2010_v3.tif,N25E066,2010,21141,1321.31,1321312.5
GMW_N25E066_2015_v3.tif,N25E066,2015,21296,1331.0,1331000.0
GMW_N25E066_2016_v3.tif,N25E066,2016,21529,1345.56,1345562.5
GMW_N25E066_2017_v3.tif,N25E066,2017,21636,1352.25,1352250.0
GMW_N25E066_2018_v3.tif,N25E066,2018,21685,1355.31,1355312.5
GMW_N25E066_2019_v3.tif,N25E066,2019,21160,1322.5,1322500.0
GMW_N25E066_2020_v3.tif,N25E066,2020,20502,1281.38,1281375.0
GMW_N25E067_1996_v3.tif,N25E067,1996,1135512,70969.5,70969500.0
GMW_N25E067_2007_v3.tif,N25E067,2007,1062688,66418.0,66418000.0
GMW_N25E067_2008_v3.tif,N25E067,2008,1042467,65154.19,65154187.5
GMW_N25E067_2009_v3.tif,N25E067,2009,1039143,64946.44,64946437.5
GMW_N25E067_2010_v3.tif,N25E067,2010,1024709,64044.31,64044312.5
GMW_N25E067_2015_v3.tif,N25E067,2015,1012453,63278.31,63278312.5
GMW_N25E067_2016_v3.tif,N25E067,2016,1027880,64242.5,64242500.0
GMW_N25E067_2017_v3.tif,N25E067,2017,1062169,66385.56,66385562.5
GMW_N25E067_2018_v3.tif,N25E067,2018,1082147,67634.19,67634187.5
GMW_N25E067_2019_v3.tif,N25E067,2019,1061060,66316.25,66316250.0
GMW_N25E067_2020_v3.tif,N25E067,2020,960274,60017.12,60017125.0
GMW_N25E068_1996_v3.tif,N25E068,1996,55776,3486.0,3486000.0
GMW_N25E068_2007_v3.tif,N25E068,2007,52908,3306.75,3306750.0
GMW_N25E068_2008_v3.tif,N25E068,2008,51199,3199.94,3199937.5
GMW_N25E068_2009_v3.tif,N25E068,2009,49344,3084.0,3084000.0
GMW_N25E068_2010_v3.tif,N25E068,2010,48492,3030.75,3030750.0
GMW_N25E068_2015_v3.tif,N25E068,2015,48986,3061.62,3061625.0
GMW_N25E068_2016_v3.tif,N25E068,2016,49492,3093.25,3093250.0
GMW_N25E068_2017_v3.tif,N25E068,2017,48348,3021.75,3021750.0
GMW_N25E068_2018_v3.tif,N25E068,2018,47632,2977.0,2977000.0
GMW_N25E068_2019_v3.tif,N25E068,2019,45300,2831.25,2831250.0
GMW_N25E068_2020_v3.tif,N25E068,2020,38953,2434.56,2434562.5
GMW_N26E036_1996_v3.tif,N26E036,1996,25614,1600.88,1600875.0
GMW_N26E036_2007_v3.tif,N26E036,2007,26348,1646.75,1646750.0
GMW_N26E036_2008_v3.tif,N26E036,2008,26397,1649.81,1649812.5
GMW_N26E036_2009_v3.tif,N26E036,2009,26872,1679.5,1679500.0
GMW_N26E036_2010_v3.tif,N26E036,2010,26736,1671.0,1671000.0
GMW_N26E036_2015_v3.tif,N26E036,2015,26581,1661.31,1661312.5
GMW_N26E036_2016_v3.tif,N26E036,2016,26243,1640.19,1640187.5
GMW_N26E036_2017_v3.tif,N26E036,2017,26259,1641.19,1641187.5
GMW_N26E036_2018_v3.tif,N26E036,2018,26052,1628.25,1628250.0
GMW_N26E036_2019_v3.tif,N26E036,2019,25272,1579.5,1579500.0
GMW_N26E036_2020_v3.tif,N26E036,2020,24260,1516.25,1516250.0
GMW_N26E037_1996_v3.tif,N26E037,1996,735,45.94,45937.5
GMW_N26E037_2007_v3.tif,N26E037,2007,831,51.94,51937.5
GMW_N26E037_2008_v3.tif,N26E037,2008,854,53.38,53375.0
GMW_N26E037_2009_v3.tif,N26E037,2009,888,55.5,55500.0
GMW_N26E037_2010_v3.tif,N26E037,2010,896,56.0,56000.0
GMW_N26E037_2015_v3.tif,N26E037,2015,892,55.75,55750.0
GMW_N26E037_2016_v3.tif,N26E037,2016,895,55.94,55937.5
GMW_N26E037_2017_v3.tif,N26E037,2017,882,55.12,55125.0
GMW_N26E037_2018_v3.tif,N26E037,2018,875,54.69,54687.5
GMW_N26E037_2019_v3.tif,N26E037,2019,861,53.81,53812.5
GMW_N26E037_2020_v3.tif,N26E037,2020,837,52.31,52312.5
GMW_N26E050_1996_v3.tif,N26E050,1996,87,5.44,5437.5
GMW_N26E050_2007_v3.tif,N26E050,2007,49,3.06,3062.5
GMW_N26E050_2008_v3.tif,N26E050,2008,91,5.69,5687.5
GMW_N26E050_2009_v3.tif,N26E050,2009,105,6.56,6562.5
GMW_N26E050_2010_v3.tif,N26E050,2010,80,5.0,5000.0
GMW_N26E050_2015_v3.tif,N26E050,2015,21,1.31,1312.5
GMW_N26E050_2016_v3.tif,N26E050,2016,5,0.31,312.5
GMW_N26E050_2017_v3.tif,N26E050,2017,17,1.06,1062.5
GMW_N26E050_2018_v3.tif,N26E050,2018,40,2.5,2500.0
GMW_N26E050_2019_v3.tif,N26E050,2019,31,1.94,1937.5
GMW_N26E050_2020_v3.tif,N26E050,2020,4,0.25,250.0
GMW_N26E051_1996_v3.tif,N26E051,1996,7342,458.88,458875.0
GMW_N26E051_2007_v3.tif,N26E051,2007,7404,462.75,462750.0
GMW_N26E051_2008_v3.tif,N26E051,2008,7498,468.62,468625.0
GMW_N26E051_2009_v3.tif,N26E051,2009,7415,463.44,463437.5
GMW_N26E051_2010_v3.tif,N26E051,2010,7390,461.88,461875.0
GMW_N26E051_2015_v3.tif,N26E051,2015,7261,453.81,453812.5
GMW_N26E051_2016_v3.tif,N26E051,2016,7393,462.06,462062.5
GMW_N26E051_2017_v3.tif,N26E051,2017,7321,457.56,457562.5
GMW_N26E051_2018_v3.tif,N26E051,2018,7666,479.12,479125.0
GMW_N26E051_2019_v3.tif,N26E051,2019,7760,485.0,485000.0
GMW_N26E051_2020_v3.tif,N26E051,2020,7766,485.38,485375.0
GMW_N26E055_1996_v3.tif,N26E055,1996,21960,1372.5,1372500.0
GMW_N26E055_2007_v3.tif,N26E055,2007,20221,1263.81,1263812.5
GMW_N26E055_2008_v3.tif,N26E055,2008,19229,1201.81,1201812.5
GMW_N26E055_2009_v3.tif,N26E055,2009,19136,1196.0,1196000.0
GMW_N26E055_2010_v3.tif,N26E055,2010,19519,1219.94,1219937.5
GMW_N26E055_2015_v3.tif,N26E055,2015,20541,1283.81,1283812.5
GMW_N26E055_2016_v3.tif,N26E055,2016,20431,1276.94,1276937.5
GMW_N26E055_2017_v3.tif,N26E055,2017,20458,1278.62,1278625.0
GMW_N26E055_2018_v3.tif,N26E055,2018,21257,1328.56,1328562.5
GMW_N26E055_2019_v3.tif,N26E055,2019,21651,1353.19,1353187.5
GMW_N26E055_2020_v3.tif,N26E055,2020,20489,1280.56,1280562.5
GMW_N26E056_1996_v3.tif,N26E056,1996,4449,278.06,278062.5
GMW_N26E056_2007_v3.tif,N26E056,2007,2874,179.62,179625.0
GMW_N26E056_2008_v3.tif,N26E056,2008,2335,145.94,145937.5
GMW_N26E056_2009_v3.tif,N26E056,2009,2167,135.44,135437.5
GMW_N26E056_2010_v3.tif,N26E056,2010,2248,140.5,140500.0
GMW_N26E056_2015_v3.tif,N26E056,2015,2825,176.56,176562.5
GMW_N26E056_2016_v3.tif,N26E056,2016,2972,185.75,185750.0
GMW_N26E056_2017_v3.tif,N26E056,2017,3088,193.0,193000.0
GMW_N26E056_2018_v3.tif,N26E056,2018,3164,197.75,197750.0
GMW_N26E056_2019_v3.tif,N26E056,2019,3417,213.56,213562.5
GMW_N26E056_2020_v3.tif,N26E056,2020,3492,218.25,218250.0
GMW_N26E057_1996_v3.tif,N26E057,1996,1126,70.38,70375.0
GMW_N26E057_2007_v3.tif,N26E057,2007,951,59.44,59437.5
GMW_N26E057_2008_v3.tif,N26E057,2008,905,56.56,56562.5
GMW_N26E057_2009_v3.tif,N26E057,2009,906,56.62,56625.0
GMW_N26E057_2010_v3.tif,N26E057,2010,869,54.31,54312.5
GMW_N26E057_2015_v3.tif,N26E057,2015,872,54.5,54500.0
GMW_N26E057_2016_v3.tif,N26E057,2016,906,56.62,56625.0
GMW_N26E057_2017_v3.tif,N26E057,2017,927,57.94,57937.5
GMW_N26E057_2018_v3.tif,N26E057,2018,984,61.5,61500.0
GMW_N26E057_2019_v3.tif,N26E057,2019,961,60.06,60062.5
GMW_N26E057_2020_v3.tif,N26E057,2020,930,58.12,58125.0
GMW_N26E058_1996_v3.tif,N26E058,1996,15050,940.62,940625.0
GMW_N26E058_2007_v3.tif,N26E058,2007,10462,653.88,653875.0
GMW_N26E058_2008_v3.tif,N26E058,2008,9924,620.25,620250.0
GMW_N26E058_2009_v3.tif,N26E058,2009,10139,633.69,633687.5
GMW_N26E058_2010_v3.tif,N26E058,2010,9942,621.38,621375.0
GMW_N26E058_2015_v3.tif,N26E058,2015,10100,631.25,631250.0
GMW_N26E058_2016_v3.tif,N26E058,2016,11033,689.56,689562.5
GMW_N26E058_2017_v3.tif,N26E058,2017,11899,743.69,743687.5
GMW_N26E058_2018_v3.tif,N26E058,2018,12319,769.94,769937.5
GMW_N26E058_2019_v3.tif,N26E058,2019,12193,762.06,762062.5
GMW_N26E058_2020_v3.tif,N26E058,2020,11934,745.88,745875.0
GMW_N26E061_1996_v3.tif,N26E061,1996,15598,974.88,974875.0
GMW_N26E061_2007_v3.tif,N26E061,2007,11668,729.25,729250.0
GMW_N26E061_2008_v3.tif,N26E061,2008,9551,596.94,596937.5
GMW_N26E061_2009_v3.tif,N26E061,2009,9654,603.38,603375.0
GMW_N26E061_2010_v3.tif,N26E061,2010,9953,622.06,622062.5
GMW_N26E061_2015_v3.tif,N26E061,2015,12245,765.31,765312.5
GMW_N26E061_2016_v3.tif,N26E061,2016,13449,840.56,840562.5
GMW_N26E061_2017_v3.tif,N26E061,2017,13921,870.06,870062.5
GMW_N26E061_2018_v3.tif,N26E061,2018,14120,882.5,882500.0
GMW_N26E061_2019_v3.tif,N26E061,2019,12365,772.81,772812.5
GMW_N26E061_2020_v3.tif,N26E061,2020,11212,700.75,700750.0
GMW_N26E063_1996_v3.tif,N26E063,1996,1385,86.56,86562.5
GMW_N26E063_2007_v3.tif,N26E063,2007,1216,76.0,76000.0
GMW_N26E063_2008_v3.tif,N26E063,2008,1279,79.94,79937.5
GMW_N26E063_2009_v3.tif,N26E063,2009,1366,85.38,85375.0
GMW_N26E063_2010_v3.tif,N26E063,2010,1518,94.88,94875.0
GMW_N26E063_2015_v3.tif,N26E063,2015,1713,107.06,107062.5
GMW_N26E063_2016_v3.tif,N26E063,2016,1929,120.56,120562.5
GMW_N26E063_2017_v3.tif,N26E063,2017,2037,127.31,127312.5
GMW_N26E063_2018_v3.tif,N26E063,2018,2095,130.94,130937.5
GMW_N26E063_2019_v3.tif,N26E063,2019,1988,124.25,124250.0
GMW_N26E063_2020_v3.tif,N26E063,2020,1828,114.25,114250.0
GMW_N26E064_1996_v3.tif,N26E064,1996,6585,411.56,411562.5
GMW_N26E064_2007_v3.tif,N26E064,2007,5832,364.5,364500.0
GMW_N26E064_2008_v3.tif,N26E064,2008,5814,363.38,363375.0
GMW_N26E064_2009_v3.tif,N26E064,2009,6254,390.88,390875.0
GMW_N26E064_2010_v3.tif,N26E064,2010,6343,396.44,396437.5
GMW_N26E064_2015_v3.tif,N26E064,2015,6495,405.94,405937.5
GMW_N26E064_2016_v3.tif,N26E064,2016,6724,420.25,420250.0
GMW_N26E064_2017_v3.tif,N26E064,2017,7191,449.44,449437.5
GMW_N26E064_2018_v3.tif,N26E064,2018,7247,452.94,452937.5
GMW_N26E064_2019_v3.tif,N26E064,2019,5850,365.62,365625.0
GMW_N26E064_2020_v3.tif,N26E064,2020,5047,315.44,315437.5
GMW_N26E066_1996_v3.tif,N26E066,1996,85325,5332.81,5332812.5
GMW_N26E066_2007_v3.tif,N26E066,2007,74603,4662.69,4662687.5
GMW_N26E066_2008_v3.tif,N26E066,2008,72319,4519.94,4519937.5
GMW_N26E066_2009_v3.tif,N26E066,2009,74028,4626.75,4626750.0
GMW_N26E066_2010_v3.tif,N26E066,2010,76872,4804.5,4804500.0
GMW_N26E066_2015_v3.tif,N26E066,2015,79775,4985.94,4985937.5
GMW_N26E066_2016_v3.tif,N26E066,2016,79598,4974.88,4974875.0
GMW_N26E066_2017_v3.tif,N26E066,2017,78902,4931.38,4931375.0
GMW_N26E066_2018_v3.tif,N26E066,2018,78388,4899.25,4899250.0
GMW_N26E066_2019_v3.tif,N26E066,2019,75899,4743.69,4743687.5
GMW_N26E066_2020_v3.tif,N26E066,2020,75036,4689.75,4689750.0
GMW_N27E035_1996_v3.tif,N27E035,1996,20,1.25,1250.0
GMW_N27E035_2007_v3.tif,N27E035,2007,20,1.25,1250.0
GMW_N27E035_2008_v3.tif,N27E035,2008,18,1.12,1125.0
GMW_N27E035_2009_v3.tif,N27E035,2009,17,1.06,1062.5
GMW_N27E035_2010_v3.tif,N27E035,2010,22,1.38,1375.0
GMW_N27E035_2015_v3.tif,N27E035,2015,25,1.56,1562.5
GMW_N27E035_2016_v3.tif,N27E035,2016,23,1.44,1437.5
GMW_N27E035_2017_v3.tif,N27E035,2017,21,1.31,1312.5
GMW_N27E035_2018_v3.tif,N27E035,2018,21,1.31,1312.5
GMW_N27E035_2019_v3.tif,N27E035,2019,20,1.25,1250.0
GMW_N27E035_2020_v3.tif,N27E035,2020,23,1.44,1437.5
GMW_N27E036_1996_v3.tif,N27E036,1996,1104,69.0,69000.0
GMW_N27E036_2007_v3.tif,N27E036,2007,1044,65.25,65250.0
GMW_N27E036_2008_v3.tif,N27E036,2008,1016,63.5,63500.0
GMW_N27E036_2009_v3.tif,N27E036,2009,1064,66.5,66500.0
GMW_N27E036_2010_v3.tif,N27E036,2010,1122,70.12,70125.0
GMW_N27E036_2015_v3.tif,N27E036,2015,1085,67.81,67812.5
GMW_N27E036_2016_v3.tif,N27E036,2016,1154,72.12,72125.0
GMW_N27E036_2017_v3.tif,N27E036,2017,1102,68.88,68875.0
GMW_N27E036_2018_v3.tif,N27E036,2018,1164,72.75,72750.0
GMW_N27E036_2019_v3.tif,N27E036,2019,1112,69.5,69500.0
GMW_N27E036_2020_v3.tif,N27E036,2020,1013,63.31,63312.5
GMW_N27E049_1996_v3.tif,N27E049,1996,1130,70.62,70625.0
GMW_N27E049_2007_v3.tif,N27E049,2007,2295,143.44,143437.5
GMW_N27E049_2008_v3.tif,N27E049,2008,2465,154.06,154062.5
GMW_N27E049_2009_v3.tif,N27E049,2009,2460,153.75,153750.0
GMW_N27E049_2010_v3.tif,N27E049,2010,1969,123.06,123062.5
GMW_N27E049_2015_v3.tif,N27E049,2015,1137,71.06,71062.5
GMW_N27E049_2016_v3.tif,N27E049,2016,1087,67.94,67937.5
GMW_N27E049_2017_v3.tif,N27E049,2017,1083,67.69,67687.5
GMW_N27E049_2018_v3.tif,N27E049,2018,1080,67.5,67500.0
GMW_N27E049_2019_v3.tif,N27E049,2019,1090,68.12,68125.0
GMW_N27E049_2020_v3.tif,N27E049,2020,1097,68.56,68562.5
GMW_N27E050_1996_v3.tif,N27E050,1996,6046,377.88,377875.0
GMW_N27E050_2007_v3.tif,N27E050,2007,9242,577.62,577625.0
GMW_N27E050_2008_v3.tif,N27E050,2008,9997,624.81,624812.5
GMW_N27E050_2009_v3.tif,N27E050,2009,10996,687.25,687250.0
GMW_N27E050_2010_v3.tif,N27E050,2010,9980,623.75,623750.0
GMW_N27E050_2015_v3.tif,N27E050,2015,5463,341.44,341437.5
GMW_N27E050_2016_v3.tif,N27E050,2016,5178,323.62,323625.0
GMW_N27E050_2017_v3.tif,N27E050,2017,5176,323.5,323500.0
GMW_N27E050_2018_v3.tif,N27E050,2018,5091,318.19,318187.5
GMW_N27E050_2019_v3.tif,N27E050,2019,5098,318.62,318625.0
GMW_N27E050_2020_v3.tif,N27E050,2020,5186,324.12,324125.0
GMW_N27E051_1996_v3.tif,N27E051,1996,452,28.25,28250.0
GMW_N27E051_2007_v3.tif,N27E051,2007,474,29.62,29625.0
GMW_N27E051_2008_v3.tif,N27E051,2008,465,29.06,29062.5
GMW_N27E051_2009_v3.tif,N27E051,2009,443,27.69,27687.5
GMW_N27E051_2010_v3.tif,N27E051,2010,432,27.0,27000.0
GMW_N27E051_2015_v3.tif,N27E051,2015,466,29.12,29125.0
GMW_N27E051_2016_v3.tif,N27E051,2016,469,29.31,29312.5
GMW_N27E051_2017_v3.tif,N27E051,2017,600,37.5,37500.0
GMW_N27E051_2018_v3.tif,N27E051,2018,616,38.5,38500.0
GMW_N27E051_2019_v3.tif,N27E051,2019,614,38.38,38375.0
GMW_N27E051_2020_v3.tif,N27E051,2020,606,37.88,37875.0
GMW_N27E055_1996_v3.tif,N27E055,1996,177275,11079.69,11079687.5
GMW_N27E055_2007_v3.tif,N27E055,2007,155601,9725.06,9725062.5
GMW_N27E055_2008_v3.tif,N27E055,2008,138559,8659.94,8659937.5
GMW_N27E055_2009_v3.tif,N27E055,2009,137335,8583.44,8583437.5
GMW_N27E055_2010_v3.tif,N27E055,2010,137625,8601.56,8601562.5
GMW_N27E055_2015_v3.tif,N27E055,2015,141189,8824.31,8824312.5
GMW_N27E055_2016_v3.tif,N27E055,2016,132324,8270.25,8270250.0
GMW_N27E055_2017_v3.tif,N27E055,2017,130050,8128.12,8128125.0
GMW_N27E055_2018_v3.tif,N27E055,2018,130291,8143.19,8143187.5
GMW_N27E055_2019_v3.tif,N27E055,2019,133310,8331.88,8331875.0
GMW_N27E055_2020_v3.tif,N27E055,2020,122134,7633.38,7633375.0
GMW_N27E056_1996_v3.tif,N27E056,1996,521,32.56,32562.5
GMW_N27E056_2007_v3.tif,N27E056,2007,515,32.19,32187.5
GMW_N27E056_2008_v3.tif,N27E056,2008,528,33.0,33000.0
GMW_N27E056_2009_v3.tif,N27E056,2009,619,38.69,38687.5
GMW_N27E056_2010_v3.tif,N27E056,2010,660,41.25,41250.0
GMW_N27E056_2015_v3.tif,N27E056,2015,768,48.0,48000.0
GMW_N27E056_2016_v3.tif,N27E056,2016,823,51.44,51437.5
GMW_N27E056_2017_v3.tif,N27E056,2017,843,52.69,52687.5
GMW_N27E056_2018_v3.tif,N27E056,2018,925,57.81,57812.5
GMW_N27E056_2019_v3.tif,N27E056,2019,1181,73.81,73812.5
GMW_N27E056_2020_v3.tif,N27E056,2020,1165,72.81,72812.5
GMW_N27E057_1996_v3.tif,N27E057,1996,22487,1405.44,1405437.5
GMW_N27E057_2007_v3.tif,N27E057,2007,14948,934.25,934250.0
GMW_N27E057_2008_v3.tif,N27E057,2008,13405,837.81,837812.5
GMW_N27E057_2009_v3.tif,N27E057,2009,13883,867.69,867687.5
GMW_N27E057_2010_v3.tif,N27E057,2010,14747,921.69,921687.5
GMW_N27E057_2015_v3.tif,N27E057,2015,16162,1010.12,1010125.0
GMW_N27E057_2016_v3.tif,N27E057,2016,15661,978.81,978812.5
GMW_N27E057_2017_v3.tif,N27E057,2017,15805,987.81,987812.5
GMW_N27E057_2018_v3.tif,N27E057,2018,16128,1008.0,1008000.0
GMW_N27E057_2019_v3.tif,N27E057,2019,16740,1046.25,1046250.0
GMW_N27E057_2020_v3.tif,N27E057,2020,16652,1040.75,1040750.0
GMW_N28E035_1996_v3.tif,N28E035,1996,570,35.62,35625.0
GMW_N28E035_2007_v3.tif,N28E035,2007,393,24.56,24562.5
GMW_N28E035_2008_v3.tif,N28E035,2008,331,20.69,20687.5
GMW_N28E035_2009_v3.tif,N28E035,2009,426,26.62,26625.0
GMW_N28E035_2010_v3.tif,N28E035,2010,558,34.88,34875.0
GMW_N28E035_2015_v3.tif,N28E035,2015,609,38.06,38062.5
GMW_N28E035_2016_v3.tif,N28E035,2016,560,35.0,35000.0
GMW_N28E035_2017_v3.tif,N28E035,2017,600,37.5,37500.0
GMW_N28E035_2018_v3.tif,N28E035,2018,680,42.5,42500.0
GMW_N28E035_2019_v3.tif,N28E035,2019,654,40.88,40875.0
GMW_N28E035_2020_v3.tif,N28E035,2020,599,37.44,37437.5
GMW_N28E049_1996_v3.tif,N28E049,1996,13028,814.25,814250.0
GMW_N28E049_2007_v3.tif,N28E049,2007,51337,3208.56,3208562.5
GMW_N28E049_2008_v3.tif,N28E049,2008,62143,3883.94,3883937.5
GMW_N28E049_2009_v3.tif,N28E049,2009,53937,3371.06,3371062.5
GMW_N28E049_2010_v3.tif,N28E049,2010,30568,1910.5,1910500.0
GMW_N28E049_2015_v3.tif,N28E049,2015,12997,812.31,812312.5
GMW_N28E049_2016_v3.tif,N28E049,2016,11821,738.81,738812.5
GMW_N28E049_2017_v3.tif,N28E049,2017,12105,756.56,756562.5
GMW_N28E049_2018_v3.tif,N28E049,2018,11546,721.62,721625.0
GMW_N28E049_2019_v3.tif,N28E049,2019,11602,725.12,725125.0
GMW_N28E049_2020_v3.tif,N28E049,2020,11778,736.12,736125.0
GMW_N28E055_1996_v3.tif,N28E055,1996,3628,226.75,226750.0
GMW_N28E055_2007_v3.tif,N28E055,2007,2159,134.94,134937.5
GMW_N28E055_2008_v3.tif,N28E055,2008,1642,102.62,102625.0
GMW_N28E055_2009_v3.tif,N28E055,2009,1558,97.38,97375.0
GMW_N28E055_2010_v3.tif,N28E055,2010,1525,95.31,95312.5
GMW_N28E055_2015_v3.tif,N28E055,2015,1875,117.19,117187.5
GMW_N28E055_2016_v3.tif,N28E055,2016,1761,110.06,110062.5
GMW_N28E055_2017_v3.tif,N28E055,2017,1769,110.56,110562.5
GMW_N28E055_2018_v3.tif,N28E055,2018,1711,106.94,106937.5
GMW_N28E055_2019_v3.tif,N28E055,2019,1853,115.81,115812.5
GMW_N28E055_2020_v3.tif,N28E055,2020,1773,110.81,110812.5
GMW_N28E056_1996_v3.tif,N28E056,1996,34798,2174.88,2174875.0
GMW_N28E056_2007_v3.tif,N28E056,2007,25007,1562.94,1562937.5
GMW_N28E056_2008_v3.tif,N28E056,2008,21549,1346.81,1346812.5
GMW_N28E056_2009_v3.tif,N28E056,2009,23994,1499.62,1499625.0
GMW_N28E056_2010_v3.tif,N28E056,2010,24759,1547.44,1547437.5
GMW_N28E056_2015_v3.tif,N28E056,2015,24958,1559.88,1559875.0
GMW_N28E056_2016_v3.tif,N28E056,2016,23964,1497.75,1497750.0
GMW_N28E056_2017_v3.tif,N28E056,2017,23006,1437.88,1437875.0
GMW_N28E056_2018_v3.tif,N28E056,2018,24050,1503.12,1503125.0
GMW_N28E056_2019_v3.tif,N28E056,2019,27684,1730.25,1730250.0
GMW_N28E056_2020_v3.tif,N28E056,2020,27789,1736.81,1736812.5
GMW_N29E034_1996_v3.tif,N29E034,1996,578,36.12,36125.0
GMW_N29E034_2007_v3.tif,N29E034,2007,543,33.94,33937.5
GMW_N29E034_2008_v3.tif,N29E034,2008,513,32.06,32062.5
GMW_N29E034_2009_v3.tif,N29E034,2009,510,31.88,31875.0
GMW_N29E034_2010_v3.tif,N29E034,2010,504,31.5,31500.0
GMW_N29E034_2015_v3.tif,N29E034,2015,509,31.81,31812.5
GMW_N29E034_2016_v3.tif,N29E034,2016,487,30.44,30437.5
GMW_N29E034_2017_v3.tif,N29E034,2017,485,30.31,30312.5
GMW_N29E034_2018_v3.tif,N29E034,2018,491,30.69,30687.5
GMW_N29E034_2019_v3.tif,N29E034,2019,488,30.5,30500.0
GMW_N29E034_2020_v3.tif,N29E034,2020,482,30.12,30125.0
GMW_S04E055_1996_v3.tif,S04E055,1996,918,57.38,57375.0
GMW_S04E055_2007_v3.tif,S04E055,2007,934,58.38,58375.0
GMW_S04E055_2008_v3.tif,S04E055,2008,934,58.38,58375.0
GMW_S04E055_2009_v3.tif,S04E055,2009,938,58.62,58625.0
GMW_S04E055_2010_v3.tif,S04E055,2010,926,57.88,57875.0
GMW_S04E055_2015_v3.tif,S04E055,2015,914,57.12,57125.0
GMW_S04E055_2016_v3.tif,S04E055,2016,892,55.75,55750.0
GMW_S04E055_2017_v3.tif,S04E055,2017,895,55.94,55937.5
GMW_S04E055_2018_v3.tif,S04E055,2018,901,56.31,56312.5
GMW_S04E055_2019_v3.tif,S04E055,2019,917,57.31,57312.5
GMW_S04E055_2020_v3.tif,S04E055,2020,915,57.19,57187.5
GMW_S05E053_1996_v3.tif,S05E053,1996,554,34.62,34625.0
GMW_S05E053_2007_v3.tif,S05E053,2007,554,34.62,34625.0
GMW_S05E053_2008_v3.tif,S05E053,2008,554,34.62,34625.0
GMW_S05E053_2009_v3.tif,S05E053,2009,554,34.62,34625.0
GMW_S05E053_2010_v3.tif,S05E053,2010,554,34.62,34625.0
GMW_S05E053_2015_v3.tif,S05E053,2015,554,34.62,34625.0
GMW_S05E053_2016_v3.tif,S05E053,2016,554,34.62,34625.0
GMW_S05E053_2017_v3.tif,S05E053,2017,554,34.62,34625.0
GMW_S05E053_2018_v3.tif,S05E053,2018,554,34.62,34625.0
GMW_S05E053_2019_v3.tif,S05E053,2019,554,34.62,34625.0
GMW_S05E053_2020_v3.tif,S05E053,2020,554,34.62,34625.0
GMW_S09E046_1996_v3.tif,S09E046,1996,2857,178.56,178562.5
GMW_S09E046_2007_v3.tif,S09E046,2007,2857,178.56,178562.5
GMW_S09E046_2008_v3.tif,S09E046,2008,2857,178.56,178562.5
GMW_S09E046_2009_v3.tif,S09E046,2009,2857,178.56,178562.5
GMW_S09E046_2010_v3.tif,S09E046,2010,2857,178.56,178562.5
GMW_S09E046_2015_v3.tif,S09E046,2015,2857,178.56,178562.5
GMW_S09E046_2016_v3.tif,S09E046,2016,2857,178.56,178562.5
GMW_S09E046_2017_v3.tif,S09E046,2017,2857,178.56,178562.5
GMW_S09E046_2018_v3.tif,S09E046,2018,2857,178.56,178562.5
GMW_S09E046_2019_v3.tif,S09E046,2019,2857,178.56,178562.5
GMW_S09E046_2020_v3.tif,S09E046,2020,2857,178.56,178562.5
GMW_S09E047_1996_v3.tif,S09E047,1996,2039,127.44,127437.5
GMW_S09E047_2007_v3.tif,S09E047,2007,2039,127.44,127437.5
GMW_S09E047_2008_v3.tif,S09E047,2008,2039,127.44,127437.5
GMW_S09E047_2009_v3.tif,S09E047,2009,2039,127.44,127437.5
GMW_S09E047_2010_v3.tif,S09E047,2010,2039,127.44,127437.5
GMW_S09E047_2015_v3.tif,S09E047,2015,2039,127.44,127437.5
GMW_S09E047_2016_v3.tif,S09E047,2016,2039,127.44,127437.5
GMW_S09E047_2017_v3.tif,S09E047,2017,2039,127.44,127437.5
GMW_S09E047_2018_v3.tif,S09E047,2018,2039,127.44,127437.5
GMW_S09E047_2019_v3.tif,S09E047,2019,2039,127.44,127437.5
GMW_S09E047_2020_v3.tif,S09E047,2020,2039,127.44,127437.5
GMW_S10E047_1996_v3.tif,S10E047,1996,7,0.44,437.5
GMW_S10E047_2007_v3.tif,S10E047,2007,7,0.44,437.5
GMW_S10E047_2008_v3.tif,S10E047,2008,7,0.44,437.5
GMW_S10E047_2009_v3.tif,S10E047,2009,7,0.44,437.5
GMW_S10E047_2010_v3.tif,S10E047,2010,7,0.44,437.5
GMW_S10E047_2015_v3.tif,S10E047,2015,7,0.44,437.5
GMW_S10E047_2016_v3.tif,S10E047,2016,7,0.44,437.5
GMW_S10E047_2017_v3.tif,S10E047,2017,7,0.44,437.5
GMW_S10E047_2018_v3.tif,S10E047,2018,7,0.44,437.5
GMW_S10E047_2019_v3.tif,S10E047,2019,7,0.44,437.5
GMW_S10E047_2020_v3.tif,S10E047,2020,7,0.44,437.5
GMW_S11E043_1996_v3.tif,S11E043,1996,134,8.38,8375.0
GMW_S11E043_2007_v3.tif,S11E043,2007,135,8.44,8437.5
GMW_S11E043_2008_v3.tif,S11E043,2008,136,8.5,8500.0
GMW_S11E043_2009_v3.tif,S11E043,2009,138,8.62,8625.0
GMW_S11E043_2010_v3.tif,S11E043,2010,138,8.62,8625.0
GMW_S11E043_2015_v3.tif,S11E043,2015,136,8.5,8500.0
GMW_S11E043_2016_v3.tif,S11E043,2016,135,8.44,8437.5
GMW_S11E043_2017_v3.tif,S11E043,2017,132,8.25,8250.0
GMW_S11E043_2018_v3.tif,S11E043,2018,135,8.44,8437.5
GMW_S11E043_2019_v3.tif,S11E043,2019,135,8.44,8437.5
GMW_S11E043_2020_v3.tif,S11E043,2020,135,8.44,8437.5
GMW_S12E043_1996_v3.tif,S12E043,1996,1337,83.56,83562.5
GMW_S12E043_2007_v3.tif,S12E043,2007,1355,84.69,84687.5
GMW_S12E043_2008_v3.tif,S12E043,2008,1367,85.44,85437.5
GMW_S12E043_2009_v3.tif,S12E043,2009,1368,85.5,85500.0
GMW_S12E043_2010_v3.tif,S12E043,2010,1346,84.12,84125.0
GMW_S12E043_2015_v3.tif,S12E043,2015,1321,82.56,82562.5
GMW_S12E043_2016_v3.tif,S12E043,2016,1317,82.31,82312.5
GMW_S12E043_2017_v3.tif,S12E043,2017,1330,83.12,83125.0
GMW_S12E043_2018_v3.tif,S12E043,2018,1354,84.62,84625.0
GMW_S12E043_2019_v3.tif,S12E043,2019,1357,84.81,84812.5
GMW_S12E043_2020_v3.tif,S12E043,2020,1341,83.81,83812.5
GMW_S12E044_1996_v3.tif,S12E044,1996,156,9.75,9750.0
GMW_S12E044_2007_v3.tif,S12E044,2007,156,9.75,9750.0
GMW_S12E044_2008_v3.tif,S12E044,2008,155,9.69,9687.5
GMW_S12E044_2009_v3.tif,S12E044,2009,153,9.56,9562.5
GMW_S12E044_2010_v3.tif,S12E044,2010,150,9.38,9375.0
GMW_S12E044_2015_v3.tif,S12E044,2015,144,9.0,9000.0
GMW_S12E044_2016_v3.tif,S12E044,2016,140,8.75,8750.0
GMW_S12E044_2017_v3.tif,S12E044,2017,146,9.12,9125.0
GMW_S12E044_2018_v3.tif,S12E044,2018,160,10.0,10000.0
GMW_S12E044_2019_v3.tif,S12E044,2019,160,10.0,10000.0
GMW_S12E044_2020_v3.tif,S12E044,2020,156,9.75,9750.0
GMW_S12E045_1996_v3.tif,S12E045,1996,11411,713.19,713187.5
GMW_S12E045_2007_v3.tif,S12E045,2007,11605,725.31,725312.5
GMW_S12E045_2008_v3.tif,S12E045,2008,11720,732.5,732500.0
GMW_S12E045_2009_v3.tif,S12E045,2009,11716,732.25,732250.0
GMW_S12E045_2010_v3.tif,S12E045,2010,11674,729.62,729625.0
GMW_S12E045_2015_v3.tif,S12E045,2015,11462,716.38,716375.0
GMW_S12E045_2016_v3.tif,S12E045,2016,11363,710.19,710187.5
GMW_S12E045_2017_v3.tif,S12E045,2017,11385,711.56,711562.5
GMW_S12E045_2018_v3.tif,S12E045,2018,11504,719.0,719000.0
GMW_S12E045_2019_v3.tif,S12E045,2019,11527,720.44,720437.5
GMW_S12E045_2020_v3.tif,S12E045,2020,11387,711.69,711687.5
GMW_S19E057_1996_v3.tif,S19E057,1996,69,4.31,4312.5
GMW_S19E057_2007_v3.tif,S19E057,2007,69,4.31,4312.5
GMW_S19E057_2008_v3.tif,S19E057,2008,63,3.94,3937.5
GMW_S19E057_2009_v3.tif,S19E057,2009,63,3.94,3937.5
GMW_S19E057_2010_v3.tif,S19E057,2010,63,3.94,3937.5
GMW_S19E057_2015_v3.tif,S19E057,2015,62,3.88,3875.0
GMW_S19E057_2016_v3.tif,S19E057,2016,60,3.75,3750.0
GMW_S19E057_2017_v3.tif,S19E057,2017,69,4.31,4312.5
GMW_S19E057_2018_v3.tif,S19E057,2018,74,4.62,4625.0
GMW_S19E057_2019_v3.tif,S19E057,2019,73,4.56,4562.5
GMW_S19E057_2020_v3.tif,S19E057,2020,66,4.12,4125.0
GMW_S20E057_1996_v3.tif,S20E057,1996,9611,600.69,600687.5
GMW_S20E057_2007_v3.tif,S20E057,2007,7440,465.0,465000.0
GMW_S20E057_2008_v3.tif,S20E057,2008,7074,442.12,442125.0
GMW_S20E057_2009_v3.tif,S20E057,2009,6903,431.44,431437.5
GMW_S20E057_2010_v3.tif,S20E057,2010,6776,423.5,423500.0
GMW_S20E057_2015_v3.tif,S20E057,2015,6697,418.56,418562.5
GMW_S20E057_2016_v3.tif,S20E057,2016,6655,415.94,415937.5
GMW_S20E057_2017_v3.tif,S20E057,2017,6501,406.31,406312.5
GMW_S20E057_2018_v3.tif,S20E057,2018,6551,409.44,409437.5
GMW_S20E057_2019_v3.tif,S20E057,2019,6751,421.94,421937.5
GMW_S20E057_2020_v3.tif,S20E057,2020,6871,429.44,429437.5
GMW_S22E040_1996_v3.tif,S22E040,1996,11937,746.06,746062.5
GMW_S22E040_2007_v3.tif,S22E040,2007,11937,746.06,746062.5
GMW_S22E040_2008_v3.tif,S22E040,2008,11937,746.06,746062.5
GMW_S22E040_2009_v3.tif,S22E040,2009,11937,746.06,746062.5
GMW_S22E040_2010_v3.tif,S22E040,2010,11937,746.06,746062.5
GMW_S22E040_2015_v3.tif,S22E040,2015,11937,746.06,746062.5
GMW_S22E040_2016_v3.tif,S22E040,2016,11937,746.06,746062.5
GMW_S22E040_2017_v3.tif,S22E040,2017,11937,746.06,746062.5
GMW_S22E040_2018_v3.tif,S22E040,2018,11937,746.06,746062.5
GMW_S22E040_2019_v3.tif,S22E040,2019,11937,746.06,746062.5
GMW_S22E040_2020_v3.tif,S22E040,2020,11937,746.06,746062.5
